Tarih;time;toplam;dogalgaz;ruzgar;linyit;tasKomur;ithalKomur;fuelOil;jeotermal;barajli;nafta;biokutle;akarsu;diger
2024-01-01 00:00:00;00:00;26901,4;1834,27;914,83;4860,0;255,0;6695,3;3,5;1154,67;8429,98;0,0;972,58;1617,77;163,5
2024-01-01 01:00:00;01:00;25186,73;1647,48;1052,13;4750,0;255,0;6473,4;3,5;1156,07;7228,08;0,0;971,02;1486,55;163,5
2024-01-01 02:00:00;02:00;23654,93;1536,88;1197,99;4628,9;255,0;6079,4;3,5;1157,92;6251,08;0,0;967,38;1413,38;163,5
2024-01-01 03:00:00;03:00;22876,03;1534,68;1420,53;4675,0;255,0;6133,7;3,5;1160,53;5195,88;0,0;971,48;1362,23;163,5
2024-01-01 04:00:00;04:00;22379,77;1534,98;1665,99;4595,0;255,0;5914,1;3,5;1162,47;4816,08;0,0;970,08;1299,07;163,5
2024-01-01 05:00:00;05:00;22075,32;1535,78;1829,57;4355,0;255,0;5972,4;3,5;1163,18;4515,08;0,0;972,08;1310,23;163,5
2024-01-01 06:00:00;06:00;22348,44;1535,98;2018,79;4275,9;255,0;6134,0;3,5;1165,72;4381,28;0,0;972,88;1441,89;163,5
2024-01-01 07:00:00;07:00;23515,08;1620,08;2238,86;4523,0;255,0;6665,1;3,5;1164,56;4523,28;0,0;971,93;1384,09;165,68
2024-01-01 08:00:00;08:00;24768,03;1619,68;2437,79;4690,0;255,0;6805,4;1,0;1163,42;5138,68;0,0;974,03;1424,79;258,24
2024-01-01 09:00:00;09:00;26308,96;1619,38;2715,38;4741,0;255,0;7519,1;1,0;1157,88;5136,18;0,0;979,64;1578,53;605,87
2024-01-01 10:00:00;10:00;26381,3;1635,48;2861,49;4762,0;255,0;6920,6;1,5;1148,99;5325,18;0,0;986,49;1573,98;910,59
2024-01-01 11:00:00;11:00;26570,99;1648,65;2917,78;4633,0;255,0;5938,9;3,0;1140,8;6465,68;0,0;989,99;1490,67;1087,52
2024-01-01 12:00:00;12:00;25742,77;1659,0;3009,96;4678,0;255,0;5034,0;3,0;1132,4;6357,88;0,0;991,69;1519,14;1102,7
2024-01-01 13:00:00;13:00;26109,87;1656,73;3087,07;4697,0;255,0;5058,5;3,5;1119,36;6741,88;0,0;993,89;1452,46;1044,48
2024-01-01 14:00:00;14:00;26686,84;1655,5;3051,25;4508,0;255,0;5549,5;3,5;1108,9;7164,68;0,0;989,05;1478,88;922,58
2024-01-01 15:00:00;15:00;28167,89;1903,35;2937,71;4490,0;255,0;6969,7;2,5;1102,75;7377,68;0,0;977,95;1459,63;691,62
2024-01-01 16:00:00;16:00;29629,94;1968,4;2975,98;4603,0;255,0;8291,0;9,0;1102,27;7281,38;0,0;971,29;1803,33;369,29
2024-01-01 17:00:00;17:00;31991,02;2700,89;3034,82;4639,0;270,0;8288,0;12,5;1107,3;8741,18;0,0;965,83;2060,49;171,01
2024-01-01 18:00:00;18:00;33493,33;2695,94;3244,25;4563,0;270,0;8288,0;12,5;1118,93;10036,78;0,0;964,78;2143,15;156,0
2024-01-01 19:00:00;19:00;33151,48;2648,07;3458,91;4773,0;270,0;8288,0;7,5;1127,88;9535,88;0,0;964,38;1921,86;156,0
2024-01-01 20:00:00;20:00;32706,23;2632,03;3543,19;4843,0;270,0;8256,0;7,5;1139,7;9128,08;0,0;965,13;1765,6;156,0
2024-01-01 21:00:00;21:00;31930,96;2172,93;3670,02;4638,0;270,0;8274,0;3,5;1145,53;8929,48;0,0;967,23;1704,27;156,0
2024-01-01 22:00:00;22:00;31301,37;1689,73;3804,97;4594,0;255,0;7689,0;3,5;1148,18;9421,98;0,0;968,17;1570,84;156,0
2024-01-01 23:00:00;23:00;30169,09;1665,73;3761,29;4560,0;255,0;6945,0;3,5;1152,6;9194,58;0,0;965,82;1509,57;156,0
2024-01-02 00:00:00;00:00;29225,17;1294,4;3928,06;4605,0;255,0;7517,5;3,0;1153,67;7774,78;0,0;959,99;1506,27;227,5
2024-01-02 01:00:00;01:00;27688,61;1199,83;3916,02;4645,0;255,0;7330,5;3,0;1155,67;6478,68;0,0;959,63;1497,78;247,5
2024-01-02 02:00:00;02:00;26687,8;1248,73;3898,21;4602,0;255,0;6890,5;3,0;1157,82;5982,68;0,0;950,53;1431,83;267,5
2024-01-02 03:00:00;03:00;25929,8;1249,03;3804,36;4633,5;255,0;6515,5;3,0;1160,23;5712,68;0,0;955,43;1373,57;267,5
2024-01-02 04:00:00;04:00;25645,07;1252,03;3703,75;4677,0;255,0;6276,5;3,0;1160,37;5714,68;0,0;946,33;1388,91;267,5
2024-01-02 05:00:00;05:00;25874,59;1477,03;3694,35;4640,0;255,0;6485,5;3,0;1162,68;5696,68;0,0;946,33;1246,52;267,5
2024-01-02 06:00:00;06:00;27241,25;2134,33;3867,79;4654,5;255,0;7069,6;3,0;1163,52;5519,68;0,0;948,13;1358,2;267,5
2024-01-02 07:00:00;07:00;30465,37;3511,5;3883,05;4702,5;270,0;8467,0;3,0;1162,46;5824,38;0,6;947,03;1414,05;279,8
2024-01-02 08:00:00;08:00;36040,55;6500,93;4008,35;4795,7;270,0;8489,0;12,5;1161,19;7730,08;0,6;959,94;1784,47;327,79
2024-01-02 09:00:00;09:00;37670,97;7347,08;4153,71;4837,4;270,0;8510,0;12,5;1157,59;7995,48;0,0;957,41;1910,43;519,37
2024-01-02 10:00:00;10:00;37834,14;7402,85;4259,0;4839,0;270,0;8526,0;13,0;1147,81;7916,48;0,0;971,17;1694,05;794,78
2024-01-02 11:00:00;11:00;37553,24;7302,69;4474,7;4852,1;270,0;8469,0;14,5;1136,46;7432,58;0,0;977,17;1598,99;1025,05
2024-01-02 12:00:00;12:00;35433,53;5681,17;4523,23;4966,5;270,0;8483,0;9,5;1124,55;6808,08;0,0;967,37;1497,19;1102,94
2024-01-02 13:00:00;13:00;35793,88;5889,78;4592,98;5040,5;270,0;8490,0;10,0;1114,08;6732,48;0,0;978,36;1579,3;1096,4
2024-01-02 14:00:00;14:00;37181,94;7202,3;4572,83;5034,2;270,0;8501,0;10,0;1103,7;6850,18;0,0;965,05;1668,59;1004,09
2024-01-02 15:00:00;15:00;37901,61;7707,15;4413,96;5018,1;270,0;8491,0;9,0;1099,66;7327,38;0,0;975,84;1742,14;847,38
2024-01-02 16:00:00;16:00;39462,53;8422,2;4040,92;5045,8;270,0;8549,0;13,5;1097,2;8617,58;0,0;974,35;1949,62;482,36
2024-01-02 17:00:00;17:00;41003,01;8456,14;3815,34;5041,6;270,0;8548,0;12,0;1103,1;10383,78;0,0;983,49;2096,53;293,03
2024-01-02 18:00:00;18:00;40618,47;8486,56;3456,04;4972,6;270,0;8546,0;12,0;1115,13;10344,28;0,0;972,63;2160,93;282,3
2024-01-02 19:00:00;19:00;39700,04;8490,04;3248,5;4972,6;270,0;8549,0;12,0;1127,38;9765,08;0,0;984,33;1998,81;282,3
2024-01-02 20:00:00;20:00;38508,62;8396,05;2977,23;4956,9;270,0;8481,0;12,0;1135,2;9069,18;0,0;985,84;1942,92;282,3
2024-01-02 21:00:00;21:00;37824,45;8332,76;2616,63;4981,8;270,0;8480,0;12,0;1142,83;8723,98;0,0;972,74;2009,41;282,3
2024-01-02 22:00:00;22:00;36111,69;6740,93;2332,29;4937,6;270,0;8480,0;7,0;1147,18;9104,28;0,0;973,74;1836,37;282,3
2024-01-02 23:00:00;23:00;34539,3;6030,25;2112,2;4940,5;270,0;8477,0;7,0;1149,4;8620,08;0,0;971,44;1679,13;282,3
2024-01-03 00:00:00;00:00;31518,68;5213,53;2107,42;4949,25;270,0;8376,0;7,0;1137,03;6778,68;0,0;985,78;1412,99;281,0
2024-01-03 01:00:00;01:00;29577,02;4524,26;2012,67;4882,65;270,0;8375,0;7,0;1140,42;5753,68;0,0;982,32;1348,02;281,0
2024-01-03 02:00:00;02:00;28406,41;3767,03;1997,97;4954,65;270,0;8375,0;7,0;1145,08;5297,68;0,0;981,92;1340,08;270,0
2024-01-03 03:00:00;03:00;27889,28;3682,3;2081,23;4995,65;270,0;8374,0;7,0;1148,06;4866,68;0,0;984,88;1213,28;266,2
2024-01-03 04:00:00;04:00;27808,51;3617,91;2258,17;4982,65;262,0;8343,0;7,0;1151,45;4808,38;0,0;982,82;1128,93;266,2
2024-01-03 05:00:00;05:00;28146,61;3542,47;2634,45;5091,65;243,0;8342,7;3,0;1155,86;4777,58;0,0;982,82;1106,88;266,2
2024-01-03 06:00:00;06:00;29412,77;4324,98;3122,37;5035,65;243,0;8343,0;3,0;1155,0;4746,78;0,0;985,32;1187,47;266,2
2024-01-03 07:00:00;07:00;32421,15;5797,48;3524,6;4925,65;238,0;8580,7;7,0;1151,32;5683,38;0,0;984,62;1250,61;277,79
2024-01-03 08:00:00;08:00;36461,9;6026,32;4021,04;4983,75;241,0;8581,7;13,5;1149,89;8342,58;0,0;988,03;1735,59;378,5
2024-01-03 09:00:00;09:00;37913,68;5980,01;4390,51;5036,25;237,0;8592,7;13,5;1137,18;8786,78;0,0;978,96;1840,48;920,31
2024-01-03 10:00:00;10:00;37920,47;5961,13;4557,71;5030,58;241,0;8603,7;8,0;1126,65;8435,08;0,0;994,26;1658,02;1304,34
2024-01-03 11:00:00;11:00;37064,55;5392,89;4912,29;5004,35;243,1;8582,0;9,5;1118,08;7906,38;0,0;994,46;1545,75;1355,75
2024-01-03 12:00:00;12:00;35053,27;4272,6;5275,56;4973,87;255,0;8585,0;2,5;1109,27;6704,88;0,0;1004,31;1478,22;1392,06
2024-01-03 13:00:00;13:00;35631,61;4187,49;5625,41;5030,7;255,0;8584,0;3,0;1102,17;6954,28;0,0;1010,41;1502,6;1376,55
2024-01-03 14:00:00;14:00;36540,13;4858,9;5893,24;4580,18;255,0;8584,0;10,0;1096,19;7355,78;0,0;1012,7;1537,61;1356,53
2024-01-03 15:00:00;15:00;37479,0;5171,97;6031,58;4622,72;270,0;8575,0;9,0;1092,32;7728,18;0,0;1005,53;1745,67;1227,03
2024-01-03 16:00:00;16:00;39500,6;6177,37;6114,82;4527,63;270,0;8580,7;8,5;1092,89;9101,18;0,0;1012,44;1867,9;747,17
2024-01-03 17:00:00;17:00;40542,53;6196,48;6037,5;4494,25;270,0;8577,7;13,0;1098,11;10355,93;0,0;1012,77;2172,04;314,75
2024-01-03 18:00:00;18:00;40642,13;6224,41;5939,45;4654,75;270,0;8577,7;13,0;1105,24;10337,48;0,0;1001,82;2237,28;281,0
2024-01-03 19:00:00;19:00;39492,99;5635,73;5831,92;4656,65;270,0;8579,7;7,0;1112,67;10059,78;0,0;1002,02;2056,52;281,0
2024-01-03 20:00:00;20:00;38556,46;5865,21;5732,62;4652,85;270,0;8427,0;7,0;1116,73;9184,98;0,0;1008,63;2010,44;281,0
2024-01-03 21:00:00;21:00;37433,55;5001,59;5661,84;4652,65;270,0;8426,0;7,0;1120,63;9017,68;0,0;1000,83;1994,33;281,0
2024-01-03 22:00:00;22:00;36713,66;4719,0;5426,64;4546,65;270,0;8426,0;7,0;1124,26;9134,28;0,0;1000,03;1778,8;281,0
2024-01-03 23:00:00;23:00;35088,81;3999,13;5539,25;4600,65;270,0;8424,0;7,0;1127,01;8132,38;0,0;1001,92;1706,47;281,0
2024-01-04 00:00:00;00:00;32241,39;3114,46;5664,91;4412,15;270,0;8314,5;7,0;1131,03;6569,38;0,0;961,79;1616,57;179,6
2024-01-04 01:00:00;01:00;30289,09;2584,56;5603,82;4415,15;255,0;8315,5;3,0;1132,82;5334,78;0,0;979,93;1486,53;178,0
2024-01-04 02:00:00;02:00;28964,69;2558,26;5459,0;4462,15;255,0;8156,25;3,0;1135,38;4419,98;0,0;978,78;1360,79;176,1
2024-01-04 03:00:00;03:00;27927,74;2558,18;5389,24;4475,15;255,0;7600,5;3,0;1139,06;3999,98;0,0;979,38;1352,15;176,1
2024-01-04 04:00:00;04:00;27861,61;2188,18;5327,54;4484,15;255,0;7990,6;3,0;1140,15;3992,98;0,0;972,48;1331,73;175,8
2024-01-04 05:00:00;05:00;27820,01;2008,04;5250,93;4511,15;255,0;8246,4;3,0;1144,26;3940,98;0,0;967,58;1316,87;175,8
2024-01-04 06:00:00;06:00;28737,41;2628,96;5075,01;4482,65;270,0;8313,5;7,0;1145,0;4305,98;0,0;968,78;1364,73;175,8
2024-01-04 07:00:00;07:00;31910,68;3787,53;5050,28;4525,65;255,0;8551,5;7,0;1144,01;5996,58;0,0;968,28;1437,53;187,32
2024-01-04 08:00:00;08:00;36751,14;5693,87;5037,11;4510,75;270,0;8550,5;13,5;1142,27;8406,68;0,0;966,82;1820,36;339,28
2024-01-04 09:00:00;09:00;38024,54;6280,77;5068,83;4509,15;270,0;8560,5;13,5;1121,83;8571,98;0,0;976,12;2028,21;623,65
2024-01-04 10:00:00;10:00;39000,32;6331,31;5225,54;4597,95;270,0;8571,5;14,0;1086,92;9081,38;0,0;965,93;1922,68;933,11
2024-01-04 11:00:00;11:00;38198,2;5994,5;5474,75;4608,35;270,0;8564,5;15,5;1109,35;8364,98;0,0;982,44;1817,86;995,97
2024-01-04 12:00:00;12:00;36309,01;5684,27;6032,28;4663,15;270,0;8564,5;9,5;1104,5;6249,58;0,0;998,33;1668,65;1064,25
2024-01-04 13:00:00;13:00;36903,02;5727,61;6408,21;4717,15;270,0;8564,5;10,0;1110,76;6297,48;0,0;996,14;1732,23;1068,94
2024-01-04 14:00:00;14:00;37921,42;5671,05;6704,27;4703,05;270,0;8563,5;10,0;1102,88;7202,88;0,0;997,51;1677,24;1019,04
2024-01-04 15:00:00;15:00;38635,5;5928,44;6812,18;4716,85;270,0;8557,5;9,0;1096,88;7555,68;0,0;999,2;1869,72;820,05
2024-01-04 16:00:00;16:00;39963,56;6170,92;6751,68;4631,95;270,0;8549,5;8,5;1093,48;8994,98;0,0;995,2;2008,85;488,5
2024-01-04 17:00:00;17:00;41103,53;6166,02;6686,56;4666,95;270,0;8546,5;13,0;1094,6;10052,88;0,0;993,44;2316,74;296,84
2024-01-04 18:00:00;18:00;41056,92;6158,87;6740,48;4705,75;270,0;8546,5;13,0;1100,34;9922,18;0,0;992,39;2326,51;280,9
2024-01-04 19:00:00;19:00;39566,85;5691,8;6611,51;4775,65;270,0;8546,5;7,0;1107,57;9102,58;0,0;990,09;2183,25;280,9
2024-01-04 20:00:00;20:00;38623,66;5410,32;6656,92;4792,15;270,0;8445,5;7,0;1114,33;8466,68;0,0;991,74;2188,22;280,8
2024-01-04 21:00:00;21:00;37711,54;5140,33;6520,67;4763,65;270,0;8444,5;7,0;1117,53;7977,18;0,0;985,24;2204,54;280,9
2024-01-04 22:00:00;22:00;36448,75;3939,26;6464,73;4674,65;270,0;8414,5;7,0;1122,86;8375,88;0,0;988,24;1910,73;280,9
2024-01-04 23:00:00;23:00;34933,8;3776,76;6021,23;4585,65;270,0;8414,5;3,0;1121,01;7906,18;0,0;989,69;1564,88;280,9
2024-01-05 00:00:00;00:00;32384,53;3311,52;5665,59;4513,15;270,0;8142,8;3,0;1117,03;6536,28;0,0;951,07;1608,59;265,5
2024-01-05 01:00:00;01:00;30580,88;3033,12;5306,95;4545,15;270,0;8296,7;3,0;1120,22;5182,78;0,0;954,91;1613,55;254,5
2024-01-05 02:00:00;02:00;29357,19;2865,12;4857,89;4580,15;270,0;8351,7;3,0;1122,78;4479,58;0,0;953,66;1620,41;252,9
2024-01-05 03:00:00;03:00;28834,72;2976,45;4479,56;4596,15;270,0;8352,7;7,0;1125,86;4154,98;0,0;957,66;1663,66;250,7
2024-01-05 04:00:00;04:00;28378,2;3290,15;3949,77;4490,15;270,0;8369,0;7,0;1129,15;4145,68;0,0;957,06;1519,54;250,7
2024-01-05 05:00:00;05:00;28518,12;3726,99;3407,91;4580,15;270,0;8369,0;7,0;1132,86;4183,18;0,0;958,16;1632,17;250,7
2024-01-05 06:00:00;06:00;29724,99;4860,28;3024,31;4623,35;270,0;8370,0;7,0;1134,4;4418,18;0,0;957,86;1797,91;261,7
2024-01-05 07:00:00;07:00;32756,36;5885,02;2642,97;4628,95;254,0;8588,7;7,0;1132,61;6663,68;0,0;962,26;1725,22;265,95
2024-01-05 08:00:00;08:00;37165,67;7594,07;2472,29;4527,75;270,0;8594,7;13,5;1132,27;9150,48;0,0;968,27;2086,16;356,18
2024-01-05 09:00:00;09:00;38509,07;7913,81;2470,52;4534,35;270,0;8603,7;14,0;1126,93;9655,28;0,0;969,44;2311,3;639,74
2024-01-05 10:00:00;10:00;38369,74;7981,02;2366,51;4546,05;270,0;8612,7;15,5;1122,72;9367,28;0,0;979,5;2180,22;928,24
2024-01-05 11:00:00;11:00;37630,04;7647,03;2439,1;4557,05;270,0;8611,7;15,5;1113,75;8593,88;0,0;979,2;2313,09;1089,74
2024-01-05 12:00:00;12:00;34610,04;6992,13;2367,92;4532,45;270,0;8615,7;12,0;1098,2;6733,57;0,0;981,4;1928,76;1077,91
2024-01-05 13:00:00;13:00;34245,24;6563,42;2431,11;4394,35;270,0;8615,7;15,5;1089,66;6658,58;0,0;989,4;2091,69;1125,83
2024-01-05 14:00:00;14:00;36078,25;7645,91;2437,98;4393,15;270,0;8611,7;21,0;1078,88;7331,98;0,0;981,8;2186,19;1119,66
2024-01-05 15:00:00;15:00;37079,51;7794,97;2416,83;4348,25;270,0;8599,7;13,0;1069,48;8339,58;0,0;976,98;2159,38;1091,34
2024-01-05 16:00:00;16:00;39165,7;8745,95;2370,6;4361,05;270,0;8575,0;15,0;1064,38;9697,58;0,0;965,48;2381,0;719,66
2024-01-05 17:00:00;17:00;40232,05;8742,61;2286,34;4333,75;270,0;8570,0;13,0;1070,01;10951,08;0,0;961,67;2706,93;326,66
2024-01-05 18:00:00;18:00;40344,84;8784,16;2320,02;4406,65;270,0;8571,0;13,0;1078,64;10800,48;0,0;959,26;2860,53;281,1
2024-01-05 19:00:00;19:00;39483,66;8800,62;2208,76;4339,65;270,0;8571,0;13,0;1086,87;10263,58;0,0;954,17;2695,11;280,9
2024-01-05 20:00:00;20:00;38073,78;8534,49;2234,31;4278,65;270,0;8570,0;13,0;1094,03;9178,98;0,0;958,97;2660,05;281,3
2024-01-05 21:00:00;21:00;37291,43;8285,03;2269,69;4333,65;270,0;8570,0;13,0;1101,63;8621,08;0,0;960,17;2586,28;280,9
2024-01-05 22:00:00;22:00;36050,5;6675,59;2464,43;4402,65;270,0;8571,0;7,0;1107,76;8799,18;0,0;956,76;2515,23;280,9
2024-01-05 23:00:00;23:00;34316,1;5462,01;2624,04;4414,65;270,0;8570,0;7,0;1112,31;8180,88;0,0;959,47;2434,54;281,2
2024-01-06 00:00:00;00:00;32013,22;4610,43;2931,08;4141,65;148,0;8397,0;7,0;1103,77;7099,78;0,0;985,67;2333,94;254,9
2024-01-06 01:00:00;01:00;30237,51;3841,75;3248,68;4042,65;133,0;8397,0;7,0;1105,98;5949,28;0,0;985,81;2271,46;254,9
2024-01-06 02:00:00;02:00;28656,47;2999,72;3452,93;4017,65;133,0;8395,0;7,0;1110,02;4926,78;0,0;984,36;2375,11;254,9
2024-01-06 03:00:00;03:00;27953,62;2696,39;3653,53;4045,05;133,0;8395,0;7,0;1112,48;4407,58;0,0;985,16;2263,53;254,9
2024-01-06 04:00:00;04:00;27736,6;2692,87;3899,34;4176,65;133,0;8363,0;7,0;1116,5;4014,28;0,0;971,56;2107,5;254,9
2024-01-06 05:00:00;05:00;27821,23;2691,43;4053,12;4080,55;133,0;8363,0;7,0;1118,47;4049,28;0,0;966,66;2114,82;243,9
2024-01-06 06:00:00;06:00;28549,23;2804,83;4190,9;4148,55;133,0;8365,0;7,0;1120,44;4315,28;0,0;983,06;2237,27;243,9
2024-01-06 07:00:00;07:00;30275,73;2792,93;4462,34;4369,25;133,0;8398,0;7,0;1120,79;5421,78;0,0;993,16;2331,64;245,84
2024-01-06 08:00:00;08:00;32204,6;2834,56;4644,79;4460,85;133,0;8403,0;14,0;1117,28;6616,48;0,0;1001,67;2580,92;398,05
2024-01-06 09:00:00;09:00;33449,99;2837,27;4963,65;4452,75;133,0;8414,0;19,0;1113,51;6756,98;0,0;1002,74;2729,42;1027,67
2024-01-06 10:00:00;10:00;33478,18;2787,94;5330,73;4363,65;133,0;8423,0;15,0;1111,53;6394,18;0,0;1007,5;2517,53;1394,12
2024-01-06 11:00:00;11:00;33164,57;2579,15;5551,05;4368,45;118,0;8235,0;8,5;1108,5;6391,58;0,0;1004,6;2334,35;1465,39
2024-01-06 12:00:00;12:00;31917,33;2541,35;5606,43;4281,15;118,0;7510,4;8,5;1092,33;6259,28;0,0;1001,85;2064,01;1434,03
2024-01-06 13:00:00;13:00;32148,33;2535,02;5733,79;4356,95;118,0;7590,5;8,5;1078,18;6169,28;0,0;993,55;2111,8;1452,76
2024-01-06 14:00:00;14:00;32843,97;2539,75;6009,27;4375,75;118,0;7990,8;8,0;1065,58;6149,38;0,0;1001,25;2136,22;1449,97
2024-01-06 15:00:00;15:00;33915,03;2677,95;6220,5;4395,95;118,0;8296,8;6,0;1057,42;6696,58;0,0;995,68;2170,82;1279,33
2024-01-06 16:00:00;16:00;35890,57;3191,48;6509,15;4388,65;133,0;8368,0;2,0;1050,84;8211,18;0,0;976,38;2298,44;761,45
2024-01-06 17:00:00;17:00;37456,37;3342,28;6886,96;4390,25;133,0;8364,0;13,0;1060,3;9195,98;0,0;987,37;2803,08;280,15
2024-01-06 18:00:00;18:00;38463,21;3343,18;7139,51;4419,15;133,0;8364,0;13,0;1070,75;9855,58;0,0;1017,92;2863,22;243,9
2024-01-06 19:00:00;19:00;37929,83;3311,28;7243,99;4494,15;133,0;8364,0;13,0;1077,64;9519,58;0,0;980,67;2548,62;243,9
2024-01-06 20:00:00;20:00;37088,14;2666,88;7402,47;4497,15;133,0;8363,0;7,0;1088,4;9194,58;0,0;990,57;2501,19;243,9
2024-01-06 21:00:00;21:00;36036,25;2361,63;7636,07;4506,15;133,0;8192,0;7,0;1094,66;8399,98;0,0;992,37;2469,49;243,9
2024-01-06 22:00:00;22:00;35199,21;2303,78;7780,14;4092,15;0,0;7614,9;3,0;1099,98;8898,08;0,0;990,38;2172,9;243,9
2024-01-06 23:00:00;23:00;33070,13;2264,6;7991,15;3997,15;0,0;7154,0;3,0;1098,39;7310,28;0,0;985,46;2022,2;243,9
2024-01-07 00:00:00;00:00;31173,45;1214,09;8303,36;3980,15;0,0;5545,1;3,0;1111,08;7594,88;0,0;990,27;2217,12;214,4
2024-01-07 01:00:00;01:00;29417,16;879,09;8428,85;3979,15;0,0;5182,0;3,0;1112,18;6509,38;0,0;996,51;2159,2;167,8
2024-01-07 02:00:00;02:00;28156,44;849,09;8692,51;3980,15;0,0;4813,0;3,0;1115,61;5444,38;0,0;990,66;2100,24;167,8
2024-01-07 03:00:00;03:00;27034,43;849,09;8909,02;3764,15;0,0;4684,0;3,0;1117,08;4666,38;0,0;997,76;1878,35;165,6
2024-01-07 04:00:00;04:00;26679,72;849,09;9124,41;3752,55;0,0;4244,0;3,0;1119,6;4605,88;0,0;1007,32;1808,27;165,6
2024-01-07 05:00:00;05:00;26375,16;847,09;9235,95;3594,15;0,0;4174,0;3,0;1120,07;4550,88;0,0;1007,22;1677,2;165,6
2024-01-07 06:00:00;06:00;26575,63;847,09;9495,47;3605,15;0,0;4176,0;3,0;1124,04;4368,48;0,0;1003,71;1787,09;165,6
2024-01-07 07:00:00;07:00;27192,16;830,99;9565,29;3744,0;0,0;4176,0;3,0;1118,2;4760,98;0,0;1005,22;1820,96;167,52
2024-01-07 08:00:00;08:00;27346,41;830,39;9576,06;3622,2;0,0;4277,0;2,0;1116,78;4462,18;0,0;1014,95;2206,89;237,96
2024-01-07 09:00:00;09:00;27522,45;831,49;9521,25;3641,0;0,0;4184,0;1,0;1093,61;4888,88;0,0;992,37;1944,95;423,9
2024-01-07 10:00:00;10:00;28169,1;832,29;9536,17;3543,7;0,0;4191,0;2,0;1106,23;5460,08;0,0;999,63;1875,98;622,02
2024-01-07 11:00:00;11:00;28936,48;878,29;9387,34;3693,9;0,0;4146,0;3,0;1086,31;6164,78;0,0;1004,46;1793,9;778,5
2024-01-07 12:00:00;12:00;28667,49;880,39;9307,23;3524,3;0,0;4149,0;5,0;1074,34;6176,78;0,0;989,26;1677,23;883,96
2024-01-07 13:00:00;13:00;28832,75;893,39;9277,17;3707,4;0,0;4145,0;7,0;1065,88;6220,78;0,0;985,46;1658,9;871,77
2024-01-07 14:00:00;14:00;29270,12;892,08;9622,64;3819,7;0,0;4261,0;5,0;1064,09;5993,28;0,0;994,43;1789,15;828,75
2024-01-07 15:00:00;15:00;30076,53;889,38;9650,46;3992,6;0,0;4904,0;2,5;1057,82;5873,28;0,0;1018,58;1988,61;699,3
2024-01-07 16:00:00;16:00;31982,16;890,19;9635,54;4023,6;0,0;6370,0;2,0;1049,84;6436,78;0,0;1018,58;2127,09;428,54
2024-01-07 17:00:00;17:00;34090,08;926,11;9654,03;4080,0;0,0;7581,65;3,0;1064,49;7076,38;0,0;1021,15;2491,39;191,88
2024-01-07 18:00:00;18:00;35890,6;933,01;9634,39;4079,0;0,0;7875,5;7,0;1082,95;8492,68;0,0;1018,73;2600,54;166,8
2024-01-07 19:00:00;19:00;35397,84;930,91;9780,04;3898,9;0,0;7765,5;3,0;1091,03;8395,08;0,0;1004,38;2362,2;166,8
2024-01-07 20:00:00;20:00;34721,6;920,01;9716,61;3942,8;0,0;7394,4;3,0;1099,7;8164,48;0,0;1007,53;2306,27;166,8
2024-01-07 21:00:00;21:00;33495,65;919,02;9771,11;3952,0;0,0;6286,5;3,0;1104,67;8030,98;0,0;997,63;2263,94;166,8
2024-01-07 22:00:00;22:00;33166,03;878,12;9870,32;3766,0;0,0;4890,5;3,0;1107,47;9686,28;0,0;972,34;1826,5;165,5
2024-01-07 23:00:00;23:00;31661,58;877,94;9878,69;3698,2;0,0;4804,5;3,0;1110,98;8348,28;0,0;962,49;1812,0;165,5
2024-01-08 00:00:00;00:00;29836,67;767,89;9818,3;3620,0;0,0;4201,2;3,0;1118,57;7407,08;0,0;958,93;1763,1;178,6
2024-01-08 01:00:00;01:00;28373,07;767,59;9805,53;3622,0;0,0;4192,0;3,0;1117,77;6052,18;0,0;953,77;1680,63;178,6
2024-01-08 02:00:00;02:00;27233,03;767,59;9698,74;3607,0;0,0;4190,0;3,0;1120,02;5079,88;0,0;955,13;1633,07;178,6
2024-01-08 03:00:00;03:00;26782,58;767,59;9492,95;3757,0;0,0;4190,0;3,0;1116,79;4739,18;0,0;951,63;1585,84;178,6
2024-01-08 04:00:00;04:00;26375,24;767,59;9370,83;3576,4;0,0;4202,0;3,0;1119,4;4686,18;0,0;956,53;1514,71;178,6
2024-01-08 05:00:00;05:00;26602,5;767,59;9342,54;3607,3;0,0;4282,0;3,0;1121,87;4829,18;0,0;956,16;1514,26;178,6
2024-01-08 06:00:00;06:00;27801,19;781,59;9461,73;3846,0;0,0;4878,0;3,0;1124,44;4896,88;0,0;957,96;1672,99;178,6
2024-01-08 07:00:00;07:00;31658,42;1124,59;9296,01;4012,7;60,0;6485,3;3,0;1123,39;6504,78;0,0;970,46;1887,49;190,7
2024-01-08 08:00:00;08:00;36785,85;1555,21;9252,66;4315,45;120,0;7881,5;9,5;1126,58;8794,68;0,0;981,67;2431,2;317,4
2024-01-08 09:00:00;09:00;38628,78;1994,51;9133,87;4261,75;133,0;8312,5;10,0;1124,71;9423,48;0,0;990,8;2517,64;726,52
2024-01-08 10:00:00;10:00;38893,33;2247,93;9216,38;4241,95;133,0;8383,5;2,0;1118,33;9163,08;0,0;999,06;2325,78;1062,32
2024-01-08 11:00:00;11:00;38353,55;2128,53;9168,76;4192,65;133,0;8244,9;10,0;1106,91;8959,78;0,0;1001,8;2304,34;1102,88
2024-01-08 12:00:00;12:00;36518,4;2018,53;9079,96;3989,75;133,0;7769,5;5,0;1099,63;8322,18;0,0;1000,8;2049,03;1051,02
2024-01-08 13:00:00;13:00;36835,48;2018,93;9001,23;4003,45;133,0;8254,5;7,0;1089,68;8292,18;0,0;1004,1;2039,49;991,92
2024-01-08 14:00:00;14:00;37671,52;2608,89;8697,56;4144,45;133,0;8407,5;12,0;1081,59;8541,98;0,0;1012,8;2188,02;843,73
2024-01-08 15:00:00;15:00;38164,52;2951,07;8150,13;4294,05;133,0;8412,5;9,5;1077,52;9192,08;0,0;1009,08;2282,01;653,58
2024-01-08 16:00:00;16:00;39839,31;4475,73;7505,54;4260,15;133,0;8519,5;9,0;1076,14;10008,18;0,0;997,38;2391,12;463,57
2024-01-08 17:00:00;17:00;41140,57;5171,86;6815,13;4330,25;133,0;8517,5;9,0;1078,59;11160,48;0,0;982,43;2633,13;309,2
2024-01-08 18:00:00;18:00;40383,72;5204,45;6256,4;4093,15;133,0;8517,5;9,0;1090,65;11113,48;0,0;959,82;2718,67;287,6
2024-01-08 19:00:00;19:00;39743,3;5199,57;5929,75;4190,15;133,0;8517,5;9,0;1100,43;10830,98;0,0;952,27;2593,05;287,6
2024-01-08 20:00:00;20:00;38475,3;5131,81;5742,55;4201,15;133,0;8419,5;9,0;1103,3;9925,58;0,0;967,97;2553,84;287,6
2024-01-08 21:00:00;21:00;37434,78;5040,93;5548,07;4180,15;133,0;8418,5;9,0;1103,37;9310,88;0,0;970,17;2433,11;287,6
2024-01-08 22:00:00;22:00;35537,42;3007,58;5222,56;4138,55;133,0;8419,5;7,0;1108,77;9855,98;0,0;981,16;2375,72;287,6
2024-01-08 23:00:00;23:00;34067,09;2250,84;4985,34;4183,15;133,0;8420,5;7,0;1107,08;9472,48;0,0;984,16;2235,94;287,6
2024-01-09 00:00:00;00:00;32758,17;1835,73;4779,03;4224,15;133,0;8469,5;9,0;1117,6;8805,18;0,0;973,62;2116,42;294,94
2024-01-09 01:00:00;01:00;30956,84;1697,62;4729,65;4247,15;133,0;8469,5;7,0;1118,83;7313,48;0,0;973,96;1971,71;294,94
2024-01-09 02:00:00;02:00;29856,47;1704,32;4788,43;4222,75;118,0;8313,5;3,0;1121,33;6491,08;0,0;973,01;1826,11;294,94
2024-01-09 03:00:00;03:00;29188,88;1704,24;4937,67;4166,45;118,0;8058,2;3,0;1123,87;6011,88;0,0;977,31;1793,32;294,94
2024-01-09 04:00:00;04:00;28874,42;1704,24;5084,21;4125,15;118,0;7687,9;3,0;1126,76;6009,88;0,0;979,61;1740,73;294,94
2024-01-09 05:00:00;05:00;29249,74;1701,01;5372,99;4143,15;118,0;7861,6;3,0;1130,31;6002,88;0,0;979,01;1642,85;294,94
2024-01-09 06:00:00;06:00;30650,88;2346,53;5638,25;4124,15;118,0;8161,9;3,0;1127,91;6219,38;0,0;974,41;1642,41;294,94
2024-01-09 07:00:00;07:00;33570,73;3670,93;5953,92;4316,15;133,0;8521,2;7,0;1128,09;6721,28;0,0;979,91;1843,69;295,56
2024-01-09 08:00:00;08:00;38638,19;4926,51;6164,72;4319,25;253,0;8510,2;9,0;1119,27;9672,78;0,0;995,52;2316,95;350,99
2024-01-09 09:00:00;09:00;40611,9;5923,44;6443,38;4254,65;248,0;8458,2;9,5;1116,07;10019,78;0,0;973,85;2579,02;586,01
2024-01-09 10:00:00;10:00;40504,53;6310,58;6622,55;4254,75;270,0;7854,2;10,0;1104,08;9727,78;0,0;979,1;2533,2;838,29
2024-01-09 11:00:00;11:00;40780,44;6382,93;6721,67;4250,75;270,0;7851,2;11,5;1094,25;9739,78;0,0;959,3;2556,14;942,92
2024-01-09 12:00:00;12:00;39525,74;6151,52;6990,15;4186,55;270,0;7855,2;9,5;1087,57;8634,58;0,0;971,65;2400,65;968,37
2024-01-09 13:00:00;13:00;40074,8;6603,69;7093,38;4266,55;270,0;7842,2;10,0;1081,91;8663,58;0,0;978,45;2404,73;860,31
2024-01-09 14:00:00;14:00;41187,63;6823,99;7166,14;4360,95;270,0;7840,2;12,0;1078,24;9305,48;0,0;980,85;2608,27;741,51
2024-01-09 15:00:00;15:00;41375,12;6829,58;7196,42;4364,65;270,0;7814,2;9,0;1078,92;9591,68;0,0;981,58;2624,56;614,53
2024-01-09 16:00:00;16:00;42358,16;6672,69;7285,54;4089,25;270,0;7896,2;8,5;1087,56;10848,98;0,0;979,88;2778,49;441,07
2024-01-09 17:00:00;17:00;43204,13;6517,63;7319,32;4007,25;270,0;7890,2;7,0;1092,98;11932,68;0,0;976,47;2880,59;310,01
2024-01-09 18:00:00;18:00;42661,72;5995,06;7413,39;4007,15;270,0;7939,2;7,0;1099,23;11766,38;0,0;972,22;2881,75;310,34
2024-01-09 19:00:00;19:00;40473,54;4461,08;7606,16;4044,15;270,0;7993,5;7,0;1110,27;11081,28;0,0;971,87;2629,29;298,94
2024-01-09 20:00:00;20:00;39308,15;3907,38;7485,45;4005,15;259,0;7891,95;7,0;1118,24;10861,98;0,0;976,77;2494,39;300,84
2024-01-09 21:00:00;21:00;38264,18;3327,58;7440,22;3997,85;257,0;7888,25;7,0;1124,54;10518,58;0,0;972,57;2417,45;313,14
2024-01-09 22:00:00;22:00;36710,2;2457,88;7393,33;4000,15;270,0;7661,45;3,0;1130,48;10157,98;0,0;973,07;2354,92;307,94
2024-01-09 23:00:00;23:00;35343,85;2305,45;7308,44;3867,15;270,0;7266,25;3,0;1133,89;9747,88;0,0;976,47;2161,38;303,94
2024-01-10 00:00:00;00:00;33668,91;2072,49;6938,98;3851,15;255,0;7367,25;3,0;1125,9;8615,68;0,0;957,05;2179,41;303,0
2024-01-10 01:00:00;01:00;31691,81;2020,76;6850,8;3880,15;255,0;7411,65;3,0;1129,64;6639,58;0,0;960,59;2237,64;303,0
2024-01-10 02:00:00;02:00;30370,71;1985,36;6724,75;3796,15;255,0;7123,25;3,0;1130,43;5988,68;0,0;963,94;2076,85;323,3
2024-01-10 03:00:00;03:00;29635,78;1985,36;6650,75;3822,15;255,0;6701,9;3,0;1134,87;5809,48;0,0;968,94;2001,03;303,3
2024-01-10 04:00:00;04:00;29514,8;1910,36;6677,6;3857,15;255,0;6563,9;3,0;1136,65;5876,18;0,0;963,34;1968,62;303,0
2024-01-10 05:00:00;05:00;29648,47;1710,36;6721,63;3885,15;255,0;6791,8;3,0;1140,3;5860,28;0,0;969,94;2007,71;303,3
2024-01-10 06:00:00;06:00;30902,62;1997,15;6896,06;3763,45;255,0;7633,5;3,0;1141,2;5913,38;0,1;973,64;2022,94;303,2
2024-01-10 07:00:00;07:00;33457,6;3193,0;6898,98;3949,85;270,0;8106,5;7,0;1138,88;6304,98;0,0;982,84;2301,8;303,77
2024-01-10 08:00:00;08:00;38673,3;5600,1;6890,62;4007,15;270,0;8178,5;7,0;1141,07;8595,28;0,0;970,37;2660,19;353,02
2024-01-10 09:00:00;09:00;41268,49;7121,61;6883,52;4161,15;270,0;8126,5;7,5;1135,57;9252,68;0,0;967,29;2796,95;545,72
2024-01-10 10:00:00;10:00;41877,11;7496,73;6917,94;4155,15;218,0;8046,5;8,5;1132,49;9460,58;0,0;964,74;2747,4;729,08
2024-01-10 11:00:00;11:00;42109,82;7369,48;6999,21;4120,15;223,0;8185,5;9,5;1127,55;9545,18;0,0;971,68;2675,72;882,85
2024-01-10 12:00:00;12:00;40509,34;6946,32;7082,39;4165,15;233,0;8265,5;9,5;1114,07;8495,78;0,0;987,88;2313,93;895,82
2024-01-10 13:00:00;13:00;40958,12;7288,31;7138,7;4185,15;232,3;8259,5;10,0;1104,31;8500,18;0,0;983,58;2389,04;867,05
2024-01-10 14:00:00;14:00;42280,76;7329,38;7248,13;4303,15;270,0;8257,5;10,0;1100,54;9480,18;0,0;987,68;2511,88;782,32
2024-01-10 15:00:00;15:00;42635,67;7196,34;7289,48;4371,15;270,0;8255,5;9,0;1097,12;9919,98;0,0;980,78;2665,44;580,88
2024-01-10 16:00:00;16:00;43594,76;7503,82;7410,62;4312,15;270,0;8253,5;8,5;1076,16;10552,88;0,0;1001,33;2813,19;392,61
2024-01-10 17:00:00;17:00;44463,86;7674,28;7461,62;4328,15;270,0;8251,5;7,0;1083,98;11200,78;0,0;999,77;2879,23;307,55
2024-01-10 18:00:00;18:00;43424,2;7329,44;7357,81;4175,15;270,0;8252,5;7,0;1090,73;10858,88;0,0;979,1;2809,19;294,4
2024-01-10 19:00:00;19:00;42119,59;6228,3;7300,24;4280,15;270,0;8275,5;7,0;1098,77;10551,58;0,0;991,15;2822,6;294,3
2024-01-10 20:00:00;20:00;40452,87;5300,07;7370,32;4266,15;270,0;8041,3;7,0;1106,04;10146,28;0,0;1004,5;2647,21;294,0
2024-01-10 21:00:00;21:00;39263,98;4331,74;7179,66;4409,15;270,0;8040,5;7,0;1112,24;9954,08;0,0;1003,59;2662,02;294,0
2024-01-10 22:00:00;22:00;38240,18;3161,01;7039,99;4394,15;270,0;8083,5;7,0;1128,58;10531,68;0,0;1001,69;2328,58;294,0
2024-01-10 23:00:00;23:00;36491,6;2710,71;6829,85;4291,15;270,0;8083,5;7,0;1141,38;9673,38;0,0;1000,39;2190,24;294,0
2024-01-11 00:00:00;00:00;33925,81;2126,73;6645,9;4155,15;240,0;7767,8;3,0;1148,49;8270,38;0,0;980,42;2302,54;285,4
2024-01-11 01:00:00;01:00;31830,23;2025,21;6483,1;4105,15;240,0;7434,7;3,0;1150,63;6891,18;0,0;981,26;2230,6;285,4
2024-01-11 02:00:00;02:00;30466,81;2025,21;6349,68;4106,15;240,0;7316,7;3,0;1152,29;5872,38;0,0;980,11;2135,89;285,4
2024-01-11 03:00:00;03:00;29749,04;2175,21;6126,71;4111,15;240,0;7091,7;3,0;1155,85;5553,58;0,0;980,11;2026,33;285,4
2024-01-11 04:00:00;04:00;29415,46;2297,21;5861,49;4176,65;240,0;7001,9;3,0;1157,29;5516,78;0,0;982,01;1893,73;285,4
2024-01-11 05:00:00;05:00;29847,26;2327,21;5601,04;4253,15;240,0;7534,8;3,0;1157,58;5490,78;0,0;981,71;1972,59;285,4
2024-01-11 06:00:00;06:00;31086,64;2770,31;5208,48;4459,95;240,0;8215,7;7,0;1158,38;5692,88;0,0;982,61;2073,93;277,4
2024-01-11 07:00:00;07:00;34111,18;4208,71;4808,79;4432,15;270,0;8577,0;7,0;1147,16;7118,78;0,0;987,01;2276,18;278,4
2024-01-11 08:00:00;08:00;39140,6;7381,64;4532,34;4426,55;270,0;8582,0;7,0;1143,02;9013,88;0,0;973,52;2498,68;311,97
2024-01-11 09:00:00;09:00;41219,03;9251,6;4172,42;4397,25;270,0;8531,0;9,0;1151,28;9337,58;0,0;985,11;2659,52;454,27
2024-01-11 10:00:00;10:00;41198,47;9355,97;3769,4;4291,85;270,0;8534,0;13,0;1150,84;9531,08;0,0;994,11;2684,43;603,79
2024-01-11 11:00:00;11:00;40965,96;9212,66;3383,92;4258,45;270,0;8542,0;12,0;1144,52;9709,58;0,0;990,95;2728,75;713,13
2024-01-11 12:00:00;12:00;39637,24;9104,15;3027,19;4386,85;270,0;8545,0;10,5;1136,79;8853,18;0,0;1003,15;2586,25;714,18
2024-01-11 13:00:00;13:00;39116,12;9100,8;2517,37;4077,85;270,0;8539,0;11,0;1128,19;9186,18;0,0;980,6;2611,86;693,27
2024-01-11 14:00:00;14:00;39985,9;9231,52;2107,29;4078,65;270,0;8537,0;11,0;1122,01;10303,38;0,0;994,65;2698,28;632,12
2024-01-11 15:00:00;15:00;40258,06;9235,37;1830,99;4042,75;270,0;8531,0;10,0;1115,09;10892,38;0,0;980,93;2802,09;547,46
2024-01-11 16:00:00;16:00;41513,99;9447,15;1765,89;4120,35;270,0;8526,0;9,5;1113,33;11953,28;0,0;982,93;2910,86;414,7
2024-01-11 17:00:00;17:00;42100,17;9465,31;1635,73;4065,25;270,0;8571,0;7,0;1115,4;12680,18;0,0;976,58;3004,18;309,54
2024-01-11 18:00:00;18:00;41624,48;9448,43;1449,64;4012,15;270,0;8571,0;7,0;1125,76;12386,28;0,0;992,33;3060,89;301,0
2024-01-11 19:00:00;19:00;40985,85;9479,89;1287,09;4309,15;270,0;8579,0;7,0;1130,38;11687,78;0,0;981,28;2953,38;300,9
2024-01-11 20:00:00;20:00;39960,66;9242,45;1117,42;4333,15;270,0;8579,0;7,0;1136,0;11163,68;0,0;987,18;2823,88;300,9
2024-01-11 21:00:00;21:00;39018,21;8949,66;1086,14;4324,35;259,0;8577,0;7,0;1140,42;10704,38;0,0;986,68;2682,68;300,9
2024-01-11 22:00:00;22:00;38059,47;8113,45;1049,85;4247,55;270,0;8578,0;7,0;1144,38;10911,88;0,0;983,08;2453,38;300,9
2024-01-11 23:00:00;23:00;36555,31;7276,46;999,21;4249,75;270,0;8578,0;7,0;1147,52;10479,88;0,0;979,48;2267,11;300,9
2024-01-12 00:00:00;00:00;34412,69;6499,29;925,91;4378,65;270,0;8554,0;7,0;1153,99;9061,88;0,0;953,55;2295,32;313,1
2024-01-12 01:00:00;01:00;32274,88;6163,71;937,55;4417,65;270,0;8554,0;7,0;1157,83;7363,48;0,0;940,09;2150,47;313,1
2024-01-12 02:00:00;02:00;30881,53;5657,81;943,78;4439,15;270,0;8556,5;7,0;1159,29;6536,68;0,0;944,14;2054,08;313,1
2024-01-12 03:00:00;03:00;30148,56;5029,43;877,41;4482,15;270,0;8555,5;7,0;1161,86;6536,68;0,0;951,54;1963,89;313,1
2024-01-12 04:00:00;04:00;29813,12;4815,34;875,79;4508,15;270,0;8554,5;7,0;1163,59;6426,88;0,0;949,44;1929,33;313,1
2024-01-12 05:00:00;05:00;30077,37;5156,39;849,43;4371,75;270,0;8556,5;7,0;1163,58;6537,08;0,0;952,84;1899,7;313,1
2024-01-12 06:00:00;06:00;31285,38;6342,3;828,02;4350,15;270,0;8553,5;7,0;1164,77;6494,98;0,0;957,74;2011,82;305,1
2024-01-12 07:00:00;07:00;34158,86;8118,45;839,57;4331,15;263,0;8634,2;7,0;1164,96;7482,38;0,0;967,04;2045,37;305,74
2024-01-12 08:00:00;08:00;38591,98;9286,15;900,72;4352,05;263,0;8641,7;7,0;1162,12;10111,48;0,0;974,57;2509,83;383,36
2024-01-12 09:00:00;09:00;40192,48;9542,49;1093,72;4411,65;263,0;8649,6;7,5;1159,29;10651,18;0,0;980,53;2755,48;678,04
2024-01-12 10:00:00;10:00;40828,34;9574,62;1378,21;4395,75;263,0;8657,2;8,5;1152,93;10721,18;0,0;971,68;2737,04;968,23
2024-01-12 11:00:00;11:00;40760,59;9345,26;1722,96;4351,75;263,0;8642,1;9,5;1146,52;10508,18;0,0;979,23;2706,13;1085,96
2024-01-12 12:00:00;12:00;39490,24;9010,35;2220,26;4495,85;263,0;8645,5;10,5;1138,59;8998,48;0,0;997,93;2616,2;1093,58
2024-01-12 13:00:00;13:00;39133,4;8758,9;2847,11;4341,85;263,0;8636,5;11,0;1130,29;8652,48;0,0;993,35;2457,83;1041,09
2024-01-12 14:00:00;14:00;41043,54;8765,06;3565,9;4336,95;263,0;8635,5;11,0;1123,31;9960,28;0,0;993,93;2519,9;868,71
2024-01-12 15:00:00;15:00;41713,28;8948,22;4157,92;4350,65;263,0;8632,5;10,0;1117,99;10082,98;0,0;995,04;2518,57;636,41
2024-01-12 16:00:00;16:00;42798,21;8920,33;4820,77;4407,35;263,0;8626,2;9,5;1120,03;10647,48;0,0;979,79;2547,84;455,92
2024-01-12 17:00:00;17:00;43899,69;8705,32;5300,33;4314,25;263,0;8635,5;7,0;1123,9;11529,98;0,0;980,4;2712,37;327,64
2024-01-12 18:00:00;18:00;43039,97;8065,47;5854,34;4268,15;263,0;8636,2;7,0;1135,16;10812,38;0,0;981,68;2703,69;312,9
2024-01-12 19:00:00;19:00;41738,61;6833,37;6257,72;4225,15;263,0;8634,7;7,0;1142,28;10587,38;0,0;999,43;2475,48;313,1
2024-01-12 20:00:00;20:00;40869,07;6585,73;6626,13;4173,15;263,0;8548,0;7,0;1149,4;9775,68;0,0;990,73;2437,15;313,1
2024-01-12 21:00:00;21:00;39380,04;5002,33;6857,91;4136,15;263,0;8549,0;7,0;1154,02;9656,48;0,0;988,13;2452,92;313,1
2024-01-12 22:00:00;22:00;38120,97;3351,17;6967,32;4131,15;263,0;8549,0;7,0;1158,29;10120,08;0,0;999,93;2260,93;313,1
2024-01-12 23:00:00;23:00;36654,81;2576,07;6901,56;4161,15;263,0;8548,0;3,0;1165,02;9583,88;0,0;1010,73;2129,3;313,1
2024-01-13 00:00:00;00:00;34135,57;1578,41;6904,96;4077,15;240,0;8037,0;3,0;1171,61;8903,58;0,0;990,82;1913,74;315,3
2024-01-13 01:00:00;01:00;32260,94;1475,64;6669,24;4084,15;240,0;7381,9;3,0;1176,11;8098,18;0,0;989,26;1829,76;313,7
2024-01-13 02:00:00;02:00;31040,83;1475,64;6676,47;4085,15;240,0;7361,1;3,0;1178,52;6997,98;0,0;993,21;1718,26;311,5
2024-01-13 03:00:00;03:00;29941,53;1475,64;6410,35;4126,15;240,0;6859,9;3,0;1180,85;6678,48;0,0;995,31;1660,35;311,5
2024-01-13 04:00:00;04:00;29563,88;1475,64;6153,89;4127,15;240,0;6872,0;3,0;1181,57;6592,18;0,0;993,71;1613,24;311,5
2024-01-13 05:00:00;05:00;29531,08;1475,64;5786,71;4146,15;240,0;7231,0;3,0;1184,39;6488,18;0,0;998,61;1665,9;311,5
2024-01-13 06:00:00;06:00;30214,16;1727,43;5605,22;4194,15;240,0;7893,0;3,0;1184,43;6344,18;0,0;995,51;1715,84;311,4
2024-01-13 07:00:00;07:00;31644,53;2127,03;5283,31;4324,15;270,0;8284,0;3,0;1185,39;6932,88;0,0;995,21;1916,74;322,82
2024-01-13 08:00:00;08:00;34693,77;2934,98;5096,61;4338,35;270,0;8467,0;7,0;1183,75;8935,98;0,0;994,22;2033,37;432,51
2024-01-13 09:00:00;09:00;36446,15;3689,72;4889,08;4306,05;270,0;8478,0;12,0;1155,47;9291,58;0,0;993,63;2395,63;964,99
2024-01-13 10:00:00;10:00;36235,07;3448,01;4720,9;4357,65;270,0;8483,0;16,5;1139,96;9246,63;0,0;1006,03;2212,48;1333,91
2024-01-13 11:00:00;11:00;35912,65;3514,23;4514,17;4328,05;270,0;8482,5;16,5;1133,83;8961,38;0,0;995,43;2270,15;1426,41
2024-01-13 12:00:00;12:00;34364,38;3232,98;4388,49;4214,15;270,0;8485,5;16,0;1125,01;8266,38;0,0;1012,98;1952,72;1400,17
2024-01-13 13:00:00;13:00;34277,14;3416,72;4307,94;4204,05;270,0;8473,5;14,0;1117,81;8141,08;0,0;1008,98;1965,25;1357,81
2024-01-13 14:00:00;14:00;34820,78;3391,44;4204,42;4185,05;270,0;8472,5;13,0;1112,44;8702,48;0,0;1009,68;2070,05;1389,72
2024-01-13 15:00:00;15:00;35671,81;3799,69;4207,21;4189,45;270,0;8468,0;12,0;1139,04;9153,48;0,0;1007,73;2154,82;1270,39
2024-01-13 16:00:00;16:00;37652,75;5126,85;4033,69;4228,75;270,0;8536,0;11,0;1137,08;10121,88;0,0;1013,58;2333,65;840,27
2024-01-13 17:00:00;17:00;39651,57;6456,24;3891,22;4263,35;270,0;8534,0;7,0;1141,97;11199,68;0,0;1013,66;2493,04;381,41
2024-01-13 18:00:00;18:00;40705,47;7243,24;3750,89;4135,15;270,0;8535,0;7,0;1150,55;11644,38;0,0;1006,92;2635,84;326,5
2024-01-13 19:00:00;19:00;40223,44;7287,24;3639,99;4176,15;270,0;8537,0;7,0;1156,86;11321,98;0,0;1003,27;2497,65;326,3
2024-01-13 20:00:00;20:00;39282,06;7390,94;3459,57;4179,15;270,0;8467,0;7,0;1163,94;10700,38;0,0;1006,82;2310,96;326,3
2024-01-13 21:00:00;21:00;38097,53;6920,66;3202,54;4216,15;270,0;8466,0;7,0;1170,14;10254,98;0,0;1007,72;2256,04;326,3
2024-01-13 22:00:00;22:00;36607,1;5453,32;2926,78;4192,15;270,0;8467,0;7,0;1171,61;10722,78;0,0;1003,22;2106,94;286,3
2024-01-13 23:00:00;23:00;35209,99;5005,37;2633,32;4213,15;270,0;8471,0;7,0;1172,77;10243,98;0,0;1000,67;1956,43;236,3
2024-01-14 00:00:00;00:00;33220,01;3991,92;2319,17;4305,15;270,0;8470,5;7,0;1172,91;9583,88;0,0;991,92;1887,36;220,2
2024-01-14 01:00:00;01:00;30932,69;3089,01;2201,65;4299,15;270,0;8471,5;7,0;1174,31;8488,78;0,0;983,96;1728,73;218,6
2024-01-14 02:00:00;02:00;29448,29;2800,34;1990,82;4395,15;270,0;8473,5;7,0;1176,41;7441,78;0,0;984,21;1690,48;218,6
2024-01-14 03:00:00;03:00;28351,85;2604,22;1905,86;4385,15;265,7;8471,5;3,0;1177,04;6708,58;0,0;982,61;1631,79;216,4
2024-01-14 04:00:00;04:00;27940,71;2547,52;1701,37;4415,15;240,0;8373,9;3,0;1177,86;6709,58;0,0;993,67;1562,26;216,4
2024-01-14 05:00:00;05:00;27987,04;2804,46;1566,48;4474,15;270,0;8376,5;7,0;1180,09;6618,08;0,0;992,97;1480,91;216,4
2024-01-14 06:00:00;06:00;28228,88;3136,85;1416,05;4606,15;270,0;8373,5;7,0;1180,53;6320,68;0,0;990,87;1718,85;208,4
2024-01-14 07:00:00;07:00;28563,68;3155,73;1315,33;4557,4;270,0;8422,5;7,0;1180,19;6707,38;0,0;976,87;1762,0;209,28
2024-01-14 08:00:00;08:00;28572,16;2615,92;1257,35;4558,1;270,0;8412,8;7,0;1180,85;7014,68;0,0;983,48;1908,13;363,85
2024-01-14 09:00:00;09:00;28637,19;2233,12;1244,98;4570,2;270,0;8246,2;10,0;1178,47;6815,28;0,0;965,84;2073,58;1029,52
2024-01-14 10:00:00;10:00;28542,72;1923,6;1262,76;4564,3;270,0;8112,4;13,0;1171,16;6899,88;0,0;951,09;1964,27;1410,26
2024-01-14 11:00:00;11:00;28366,84;2065,49;1303,59;4633,6;270,0;8053,2;15,0;1168,32;6489,88;0,0;956,49;1932,76;1478,51
2024-01-14 12:00:00;12:00;27852,44;1869,79;1420,89;4655,2;240,0;8055,2;9,0;1162,11;6278,08;0,0;964,89;1746,3;1450,98
2024-01-14 13:00:00;13:00;28184,26;1874,39;1636,14;4677,4;240,0;8242,5;10,0;1155,6;6231,98;0,0;965,29;1690,03;1460,93
2024-01-14 14:00:00;14:00;29107,28;2071,77;1848,29;4709,6;264,0;8384,5;16,0;1148,54;6502,88;0,0;968,24;1716,72;1476,74
2024-01-14 15:00:00;15:00;30107,78;2545,09;1999,24;4457,3;257,0;8373,5;16,0;1143,84;7114,58;0,0;962,39;1872,5;1366,34
2024-01-14 16:00:00;16:00;32985,78;4540,71;2126,77;4349,7;257,0;8542,5;11,0;1142,18;8236,68;0,0;966,53;1895,68;917,03
2024-01-14 17:00:00;17:00;35985,28;6272,01;2337,99;4330,5;270,0;8539,5;7,0;1145,17;9483,58;0,0;967,13;2324,6;307,8
2024-01-14 18:00:00;18:00;37932,13;6394,68;2652,69;4313,7;270,0;8540,5;7,0;1150,15;11132,68;0,0;972,08;2267,15;231,5
2024-01-14 19:00:00;19:00;37780,99;6383,98;2942,15;4337,2;270,0;8542,5;7,0;1158,76;10829,68;0,0;965,43;2112,99;231,3
2024-01-14 20:00:00;20:00;36651,16;6000,16;3271,12;4250,0;270,0;8472,5;7,0;1164,34;10066,68;0,0;972,23;1945,83;231,3
2024-01-14 21:00:00;21:00;35749,64;5465,66;3589,04;4253,0;270,0;8471,5;7,0;1167,64;9470,28;0,0;973,13;1851,09;231,3
2024-01-14 22:00:00;22:00;35199,54;3500,23;3851,72;4258,0;270,0;8472,5;7,0;1170,52;10575,18;0,0;969,63;1893,46;231,3
2024-01-14 23:00:00;23:00;33593,15;2843,2;4140,62;4258,0;270,0;8470,5;7,0;1172,97;9454,18;0,0;969,23;1776,15;231,3
2024-01-15 00:00:00;00:00;31823,86;1634,31;4382,4;4339,0;270,0;8281,0;7,0;1172,81;8795,58;0,0;973,13;1736,93;231,7
2024-01-15 01:00:00;01:00;30185,4;1156,19;4649,64;4245,1;240,0;7870,0;3,0;1175,61;8015,28;0,0;973,72;1606,76;250,1
2024-01-15 02:00:00;02:00;28730,28;1033,89;4751,31;4228,2;240,0;7177,0;3,0;1176,52;7279,68;0,0;968,87;1603,91;267,9
2024-01-15 03:00:00;03:00;27794,24;1033,89;4915,0;4160,0;240,0;6155,0;3,0;1177,05;7218,18;0,0;961,17;1638,05;292,9
2024-01-15 04:00:00;04:00;27654,32;1033,89;5000,96;4139,4;240,0;5978,0;3,0;1177,77;7224,18;0,0;965,87;1598,45;292,8
2024-01-15 05:00:00;05:00;27981,97;1033,89;4962,27;4141,0;240,0;6342,0;3,0;1176,88;7284,48;0,0;967,27;1538,38;292,8
2024-01-15 06:00:00;06:00;29248,81;1033,89;5071,58;4095,0;240,0;7471,0;3,0;1178,92;7275,88;0,0;971,07;1615,67;292,8
2024-01-15 07:00:00;07:00;32537,52;1805,68;5238,89;4154,0;240,0;8490,1;3,0;1177,48;8459,78;0,0;975,31;1681,46;311,82
2024-01-15 08:00:00;08:00;37568,56;4089,36;5367,38;4331,45;270,0;8607,0;7,0;1173,95;10201,88;0,0;981,12;2060,64;478,78
2024-01-15 09:00:00;09:00;39227,78;4507,82;5468,73;4273,15;270,0;8613,0;10,0;1170,47;10458,38;0,0;982,13;2351,56;1122,54
2024-01-15 10:00:00;10:00;39523,59;4547,63;5709,29;4271,05;270,0;8625,0;13,0;1164,96;10171,38;0,0;988,33;2294,02;1468,93
2024-01-15 11:00:00;11:00;39479,62;4302,43;5992,52;4279,45;270,0;8627,0;15,0;1083,23;10142,58;0,0;995,13;2257,59;1514,69
2024-01-15 12:00:00;12:00;37706,77;3391,07;6483,75;4256,15;270,0;8629,0;16,0;1073,81;9159,48;0,0;996,98;1959,09;1471,44
2024-01-15 13:00:00;13:00;37893,01;3067,17;7078,08;4100,65;270,0;8624,2;10,0;1066,51;9219,08;0,0;996,48;2002,99;1457,85
2024-01-15 14:00:00;14:00;39020,6;3519,07;7467,67;4140,75;270,0;8626,0;16,0;1061,03;9525,08;0,0;996,78;2003,59;1394,63
2024-01-15 15:00:00;15:00;40331,06;3957,82;7833,82;4184,05;270,0;8618,0;16,0;1129,14;9925,48;0,0;993,63;2192,91;1210,21
2024-01-15 16:00:00;16:00;42079,42;4530,42;8014,45;4268,45;270,0;8605,0;11,0;1127,97;11215,68;0,0;992,13;2250,64;793,68
2024-01-15 17:00:00;17:00;42519,47;4615,09;8059,18;4315,25;270,0;8602,0;7,0;1132,66;11709,78;0,0;996,42;2446,18;365,91
2024-01-15 18:00:00;18:00;42429,39;4529,5;8203,37;4390,15;270,0;8603,0;7,0;1136,95;11536,58;0,0;991,77;2444,77;316,3
2024-01-15 19:00:00;19:00;41646,04;4367,92;8379,58;4368,15;270,0;8605,0;7,0;1144,36;10999,58;0,0;995,22;2193,03;316,2
2024-01-15 20:00:00;20:00;40411,33;4201,72;8625,28;4306,15;270,0;8467,0;7,0;1148,04;9932,88;0,0;995,22;2141,84;316,2
2024-01-15 21:00:00;21:00;39347,67;3357,92;8787,02;4368,15;270,0;8468,0;7,0;1149,04;9460,68;0,0;991,68;2171,98;316,2
2024-01-15 22:00:00;22:00;38295,41;1640,05;8877,51;4330,15;270,0;8173,3;3,0;1153,01;10530,08;0,0;989,98;2012,13;316,2
2024-01-15 23:00:00;23:00;36686,18;1484,22;8970,72;3974,15;270,0;7528,1;3,0;1153,66;10266,08;0,0;988,68;1748,37;299,2
2024-01-16 00:00:00;00:00;34505,01;1596,5;9089,06;3820,15;240,0;6777,5;3,0;1147,2;8780,38;0,0;967,5;1787,42;296,3
2024-01-16 01:00:00;01:00;32654,03;1590,3;9140,31;3767,15;240,0;6419,0;3,0;1149,61;7377,18;0,0;969,24;1701,94;296,3
2024-01-16 02:00:00;02:00;31111,59;1590,3;9145,12;3757,15;240,0;5665,5;3,0;1149,22;6770,28;0,0;960,09;1537,03;293,9
2024-01-16 03:00:00;03:00;30266,46;1590,4;9029,77;3763,15;240,0;5153,5;3,0;1150,44;6492,18;0,0;964,29;1585,83;293,9
2024-01-16 04:00:00;04:00;29895,12;1642,1;8972,04;3744,15;240,0;4853,7;3,0;1150,07;6472,18;0,0;959,09;1564,89;293,9
2024-01-16 05:00:00;05:00;30154,57;1751,4;8898,04;3742,15;240,0;5140,5;3,0;1150,89;6482,18;0,0;956,69;1495,82;293,9
2024-01-16 06:00:00;06:00;31342,67;2065,4;8505,91;3780,25;240,0;6239,5;3,0;1152,23;6563,88;0,0;960,29;1538,41;293,8
2024-01-16 07:00:00;07:00;34468,3;2363,9;8206,21;3762,45;240,0;8257,3;3,0;1150,39;7678,88;0,0;963,29;1548,58;294,3
2024-01-16 08:00:00;08:00;38786,58;4297,69;7732,03;4058,25;270,0;8614,0;7,0;1150,25;9510,08;0,0;984,14;1808,03;355,11
2024-01-16 09:00:00;09:00;41363,92;6583,23;7215,03;4073,95;270,0;8626,0;7,5;1145,27;9812,68;0,0;982,87;2135,64;511,75
2024-01-16 10:00:00;10:00;42499,68;7970,57;6602,4;4017,25;270,0;8632,0;9,0;1135,16;9894,58;0,0;998,02;2268,45;702,25
2024-01-16 11:00:00;11:00;42381,41;8213,43;5895,37;3962,95;270,0;8633,0;9,5;1129,52;10064,58;0,0;1001,82;2384,05;817,19
2024-01-16 12:00:00;12:00;40702,08;8144,04;5277,34;4019,25;270,0;8636,0;10,5;1122,71;9173,88;0,0;1000,82;2163,55;883,99
2024-01-16 13:00:00;13:00;41306,24;8642,4;4630,35;4009,55;270,0;8631,0;11,0;1116,01;10054,48;0,0;979,82;2090,7;870,93
2024-01-16 14:00:00;14:00;41751,27;9147,8;4139,46;3959,25;270,0;8633,0;11,0;1110,04;10595,28;0,0;980,62;2180,63;724,19
2024-01-16 15:00:00;15:00;42005,09;9156,65;3938,24;3968,05;270,0;8629,0;10,0;1107,74;11032,48;0,0;988,65;2323,6;580,68
2024-01-16 16:00:00;16:00;42596,05;9380,62;3879,87;3949,45;270,0;8620,0;9,0;1106,78;11475,08;0,0;980,75;2463,73;460,77
2024-01-16 17:00:00;17:00;43277,86;9414,73;4042,86;3952,65;270,0;8619,0;7,0;1110,56;11909,38;0,0;983,34;2641,6;326,74
2024-01-16 18:00:00;18:00;43370,64;9398,27;4207,84;3943,15;270,0;8616,0;7,0;1116,55;11970,08;0,0;981,44;2551,3;309,01
2024-01-16 19:00:00;19:00;42345,71;9247,48;4122,67;3930,15;270,0;8615,0;7,0;1125,86;11352,08;0,0;972,69;2399,18;303,6
2024-01-16 20:00:00;20:00;40732,4;8160,01;4039,44;3943,15;270,0;8612,0;7,0;1132,04;10908,08;0,0;980,35;2365,43;314,9
2024-01-16 21:00:00;21:00;39637,01;7803,52;3764,7;3923,15;270,0;8611,0;7,0;1134,84;10651,28;0,0;981,8;2181,72;308,0
2024-01-16 22:00:00;22:00;38126,04;6440,36;3437,39;3913,15;270,0;8612,0;7,0;1136,42;10804,48;0,0;979,3;2218,24;307,7
2024-01-16 23:00:00;23:00;36557,45;5619,9;3069,17;3905,15;270,0;8610,0;7,0;1139,97;10562,28;0,0;971,55;2092,93;309,5
2024-01-17 00:00:00;00:00;34259,3;5527,51;2541,81;3936,15;270,0;8627,5;7,5;1126,51;8667,18;0,0;977,1;2284,74;293,3
2024-01-17 01:00:00;01:00;32358,59;5560,65;2288,45;3925,15;270,0;8628,5;7,5;1129,71;7082,68;0,0;980,14;2192,51;293,3
2024-01-17 02:00:00;02:00;30917,41;5568,05;1927,38;3895,15;270,0;8630,5;7,5;1131,11;6211,48;0,0;992,49;1990,45;293,3
2024-01-17 03:00:00;03:00;30163,18;5360,93;1605,48;3921,15;270,0;8628,5;7,5;1133,35;6117,28;0,0;977,59;1848,1;293,3
2024-01-17 04:00:00;04:00;29654,53;5023,73;1422,53;3998,95;270,0;8627,5;7,5;1134,37;6100,68;0,0;979,89;1780,58;308,8
2024-01-17 05:00:00;05:00;30199,83;5608,2;1181,51;3952,15;270,0;8629,5;7,5;1133,89;6204,68;0,0;989,19;1928,91;294,3
2024-01-17 06:00:00;06:00;31457,84;6471,43;942,77;3952,15;270,0;8629,5;7,5;1135,63;6666,68;0,0;989,59;2098,29;294,3
2024-01-17 07:00:00;07:00;34417,45;8534,84;830,45;3941,15;270,0;8627,5;7,5;1043,09;7767,88;0,0;994,89;2105,19;294,96
2024-01-17 08:00:00;08:00;38986,98;9978,36;726,17;3906,15;270,0;8631,5;7,5;999,25;10687,98;0,0;999,84;2446,72;333,51
2024-01-17 09:00:00;09:00;40756,27;10369,04;697,02;3937,85;270,0;8635,5;8,0;981,87;11626,98;0,0;1007,17;2678,01;544,83
2024-01-17 10:00:00;10:00;40987,68;10385,16;649,18;3999,15;270,0;8642,5;9,5;967,66;11494,48;0,0;995,17;2693,76;881,12
2024-01-17 11:00:00;11:00;41131,29;10360,16;620,99;4026,35;270,0;8594,5;10,0;960,83;11499,08;0,0;999,47;2702,1;1087,81
2024-01-17 12:00:00;12:00;39494,77;10222,76;592,63;3824,05;270,0;8595,5;12,0;1005,01;10190,88;0,0;1001,67;2649,8;1130,47
2024-01-17 13:00:00;13:00;39651,88;10167,73;562,75;3890,85;270,0;8618,5;12,5;1075,81;10269,08;0,0;992,37;2628,27;1164,02
2024-01-17 14:00:00;14:00;40285,7;10337,33;579,04;3867,75;270,0;8643,5;12,5;1076,04;10729,08;0,0;989,52;2624,49;1156,45
2024-01-17 15:00:00;15:00;40817,72;10328,88;572,04;3938,85;270,0;8641,5;11,5;1070,34;11247,58;0,0;994,35;2658,88;1083,8
2024-01-17 16:00:00;16:00;41916,2;10487,06;590,41;4055,45;270,0;8640,5;10,5;1067,68;12152,48;0,0;994,55;2852,83;794,74
2024-01-17 17:00:00;17:00;42679,86;10500,66;693,31;4118,15;270,0;8414,5;7,5;1072,27;13180,28;0,0;995,14;3063,37;364,68
2024-01-17 18:00:00;18:00;42108,33;10510,57;920,09;4071,15;270,0;7910,5;7,5;1082,52;12915,78;0,0;984,99;3125,03;310,2
2024-01-17 19:00:00;19:00;41180,66;10474,43;1360,94;4071,15;270,0;7686,5;7,5;1093,82;12105,38;0,0;984,24;2816,7;310,0
2024-01-17 20:00:00;20:00;40329,62;10072,37;1858,02;4049,15;270,0;7686,5;7,5;1100,92;11208,98;0,0;986,54;2779,64;310,0
2024-01-17 21:00:00;21:00;39501,69;9233,97;2410,48;3978,15;270,0;7685,5;7,5;1105,0;10723,38;0,0;988,94;2788,77;310,0
2024-01-17 22:00:00;22:00;37358,16;6546,5;3055,44;3989,15;270,0;7684,5;7,5;1108,7;10643,38;0,0;987,04;2755,95;310,0
2024-01-17 23:00:00;23:00;35350,93;5103,93;3612,01;4046,75;270,0;7682,5;7,5;1113,2;9706,18;0,0;967,84;2531,02;310,0
2024-01-18 00:00:00;00:00;33270,28;3447,47;4072,92;4120,15;270,0;7491,5;7,5;1114,01;8908,08;0,0;964,2;2547,45;327,0
2024-01-18 01:00:00;01:00;31527,76;2274,39;4777,67;4100,15;270,0;7629,5;7,5;1118,71;7440,88;0,0;966,64;2615,32;327,0
2024-01-18 02:00:00;02:00;30581,63;2204,35;5272,79;4089,15;270,0;7322,5;3,5;1120,12;6706,78;0,0;962,89;2302,55;327,0
2024-01-18 03:00:00;03:00;29906,99;2204,25;5567,64;4070,15;270,0;6828,5;3,5;1123,15;6298,28;0,0;966,49;2248,03;327,0
2024-01-18 04:00:00;04:00;29861,56;2202,15;5857,34;4039,15;240,0;6760,2;3,5;1124,87;6197,28;0,0;960,09;2149,98;327,0
2024-01-18 05:00:00;05:00;30068,09;2201,35;6198,47;4031,15;240,0;6745,2;3,5;1125,59;6183,93;0,0;961,19;2054,91;322,8
2024-01-18 06:00:00;06:00;31432,34;2436,35;6544,76;4010,4;240,0;7400,2;3,5;1124,83;6293,08;0,0;964,49;2095,93;318,8
2024-01-18 07:00:00;07:00;34361,42;2573,25;6840,2;4151,4;270,0;8180,2;3,5;1120,99;7601,14;0,0;964,03;2336,25;320,46
2024-01-18 08:00:00;08:00;39087,77;3938,36;7151,87;4225,6;270,0;8632,7;7,5;1113,55;9741,88;0,0;974,44;2570,72;461,15
2024-01-18 09:00:00;09:00;40628,9;4093,41;7481,15;3967,1;270,0;8633,2;8,0;1109,06;10093,08;0,0;976,29;2938,4;1059,21
2024-01-18 10:00:00;10:00;40968,3;4028,7;7710,46;4061,6;270,0;8637,2;9,0;1104,36;9963,58;0,0;969,85;2807,12;1406,43
2024-01-18 11:00:00;11:00;40610,79;3766,99;8007,54;4017,7;270,0;8620,5;9,5;1093,52;9562,98;0,0;975,73;2824,13;1462,2
2024-01-18 12:00:00;12:00;38370,44;3168,94;8208,51;4006,7;270,0;8625,5;10,5;1082,81;7997,38;0,0;981,23;2612,13;1406,74
2024-01-18 13:00:00;13:00;38750,6;3395,74;8318,51;3980,5;270,0;8622,5;10,0;1069,11;8144,58;0,0;990,89;2536,17;1412,6
2024-01-18 14:00:00;14:00;40163,54;3556,88;8431,53;3939,3;270,0;8620,5;9,5;1062,44;9355,68;0,0;994,05;2531,89;1391,77
2024-01-18 15:00:00;15:00;40644,94;3804,54;8558,23;4091,3;270,0;8619,5;9,0;1056,14;9460,06;0,0;1002,75;2641,03;1132,39
2024-01-18 16:00:00;16:00;41788,25;4534,7;8577,46;4025,1;270,0;8633,2;8,5;1054,78;10196,48;0,0;1014,25;2788,17;685,61
2024-01-18 17:00:00;17:00;42802,57;4667,29;8612,44;4038,5;270,0;8630,2;7,5;1057,77;11180,88;0,0;1002,31;2975,81;359,87
2024-01-18 18:00:00;18:00;42390,96;4464,5;8625,51;4023,15;270,0;8630,2;7,5;1067,42;11027,38;0,0;1000,25;2947,64;327,41
2024-01-18 19:00:00;19:00;41191,87;3884,92;8781,79;4012,25;270,0;8633,2;7,5;1075,5;10390,88;0,0;981,94;2826,69;327,2
2024-01-18 20:00:00;20:00;40279,18;3298,92;8864,45;4063,05;270,0;8383,5;7,5;1084,0;10276,98;0,0;981,6;2721,78;327,4
2024-01-18 21:00:00;21:00;39275,24;2783,92;8897,3;4091,15;270,0;8340,5;7,5;1088,3;9805,18;0,0;984,4;2679,79;327,2
2024-01-18 22:00:00;22:00;38475,22;2249,62;8884,99;3788,25;240,0;8282,0;3,5;1093,9;10192,38;0,0;982,8;2430,58;327,2
2024-01-18 23:00:00;23:00;36692,96;2379,39;8845,44;3845,75;240,0;7511,6;3,5;1096,3;9216,18;0,0;979,5;2248,1;327,2
2024-01-19 00:00:00;00:00;34037,18;1081,8;8846,7;3699,15;240,0;6768,7;3,0;1100,97;8524,98;0,0;971,8;2459,48;340,6
2024-01-19 01:00:00;01:00;32135,86;854,53;8956,82;3699,15;240,0;6473,4;3,0;1101,21;7088,98;0,0;975,49;2402,68;340,6
2024-01-19 02:00:00;02:00;30611,97;824,53;8882,84;3699,15;240,0;5685,8;3,0;1103,93;6635,88;0,0;973,14;2223,1;340,6
2024-01-19 03:00:00;03:00;29861,35;824,53;8772,65;3720,15;240,0;5317,0;3,0;1108,07;6330,38;0,0;967,74;2237,23;340,6
2024-01-19 04:00:00;04:00;29547,49;824,53;8642,07;3689,15;240,0;5374,0;3,0;1109,55;6266,18;0,0;966,94;2091,47;340,6
2024-01-19 05:00:00;05:00;29783,93;824,53;8589,18;3691,15;240,0;5676,4;3,0;1109,36;6293,18;0,0;970,14;2046,39;340,6
2024-01-19 06:00:00;06:00;31206,33;1064,53;8544,78;3691,15;240,0;6663,1;3,0;1110,74;6354,98;0,0;971,54;2221,91;340,6
2024-01-19 07:00:00;07:00;33984,35;1576,43;8503,43;3805,15;270,0;7650,5;3,0;1108,01;7424,28;0,0;968,98;2331,89;342,68
2024-01-19 08:00:00;08:00;38445,16;2381,76;8401,02;3875,45;270,0;8620,5;7,0;1104,06;9747,58;0,0;986,29;2634,12;417,38
2024-01-19 09:00:00;09:00;39827,71;2659,33;8361,94;3961,45;137,0;8621,5;8,0;1100,94;10225,08;0,4;979,1;3026,24;746,73
2024-01-19 10:00:00;10:00;39845,82;2650,52;8224,7;3942,75;137,0;8594,25;8,5;1082,06;10323,58;0,0;976,85;2846,43;1059,18
2024-01-19 11:00:00;11:00;38884,21;2545,59;8108,43;3707,15;247,0;8218,0;10,0;1075,98;9968,58;0,0;982,65;2859,59;1161,24
2024-01-19 12:00:00;12:00;36556,69;2125,29;7994,15;3558,75;250,0;7925,1;4,0;1061,43;8954,08;0,0;986,35;2524,04;1173,5
2024-01-19 13:00:00;13:00;36254,87;2128,89;7958,13;3626,45;255,0;7756,7;5,0;1023,31;9006,58;0,0;991,55;2394,9;1108,36
2024-01-19 14:00:00;14:00;37810,36;2138,94;7837,34;3773,45;270,0;8266,1;5,0;1013,54;9875,58;0,0;987,1;2579,02;1064,29
2024-01-19 15:00:00;15:00;38286,61;2522,29;7390,65;3829,65;270,0;8405,2;11,0;1009,49;10125,68;0,0;985,4;2804,3;932,95
2024-01-19 16:00:00;16:00;39912,79;3373,7;6981,12;3958,55;270,0;8620,5;9,0;1003,01;11186,18;0,0;985,55;2859,1;666,08
2024-01-19 17:00:00;17:00;40841,86;3378,1;6744,65;3996,15;270,0;8618,5;7,0;1040,09;12367,98;0,0;984,05;3044,11;391,23
2024-01-19 18:00:00;18:00;40672,87;3384,62;6528,4;3964,4;270,0;8618,5;7,0;1053,17;12375,38;0,0;977,95;3152,44;341,01
2024-01-19 19:00:00;19:00;40120,04;3380,94;6449,87;4002,4;270,0;8618,5;7,0;1061,93;12067,08;0,0;976,2;2945,32;340,8
2024-01-19 20:00:00;20:00;39260,17;3143,23;6501,39;4146,4;270,0;8384,5;7,0;1068,37;11516,88;0,0;974,55;2907,05;340,8
2024-01-19 21:00:00;21:00;38195,81;2510,53;6518,82;4033,4;270,0;8381,5;7,0;1086,92;11142,78;0,0;973,45;2930,61;340,8
2024-01-19 22:00:00;22:00;36988,08;1651,87;6492,94;3986,1;270,0;8383,5;7,0;1095,16;11053,28;0,0;981,55;2725,88;340,8
2024-01-19 23:00:00;23:00;35828,61;1481,04;6395,25;3969,4;270,0;8382,5;7,0;1102,4;10411,28;0,0;978,5;2490,44;340,8
2024-01-20 00:00:00;00:00;33329,62;947,45;6136,92;3873,15;270,0;7792,5;7,5;1113,87;9325,28;0,0;988,81;2566,44;307,7
2024-01-20 01:00:00;01:00;31651,46;865,45;6016,2;3898,15;270,0;7649,5;3,5;1117,21;8090,58;0,0;989,75;2488,42;262,7
2024-01-20 02:00:00;02:00;30214,4;843,55;5829,27;3928,15;270,0;7485,5;7,5;1121,53;6964,88;0,0;990,14;2511,18;262,7
2024-01-20 03:00:00;03:00;29363,6;843,88;5580,17;3945,15;270,0;7387,3;3,5;1121,67;6535,38;0,0;1001,65;2412,2;262,7
2024-01-20 04:00:00;04:00;29156,17;845,17;5539,54;4006,15;270,0;7416,5;3,5;1123,35;6320,38;0,0;990,45;2378,43;262,7
2024-01-20 05:00:00;05:00;29219,13;865,49;5527,45;4013,15;270,0;7464,5;7,5;1125,66;6304,18;0,0;991,05;2387,45;262,7
2024-01-20 06:00:00;06:00;29791,12;971,2;5675,34;4054,4;270,0;7439,5;7,5;1126,54;6462,58;0,0;1000,19;2521,17;262,7
2024-01-20 07:00:00;07:00;31298,47;1593,8;5766,05;3958,4;270,0;7493,5;7,5;1125,11;7368,88;0,0;988,39;2461,61;265,23
2024-01-20 08:00:00;08:00;34321,06;2090,84;5915,79;4097,5;270,0;7506,5;7,5;1127,56;9141,38;0,0;997,55;2750,68;415,76
2024-01-20 09:00:00;09:00;36009,17;2113,2;6047,83;4148,0;270,0;7482,5;9,0;1123,14;9799,38;0,0;1014,65;2980,99;1020,48
2024-01-20 10:00:00;10:00;36411,8;2111,79;6121,98;4228,1;270,0;7490,5;10,5;1117,26;9846,58;0,0;999,33;2874,4;1341,36
2024-01-20 11:00:00;11:00;36468,62;1992,91;6155,55;4293,1;270,0;7507,5;12,5;1106,68;9773,18;0,0;1013,61;2962,93;1380,66
2024-01-20 12:00:00;12:00;35089,67;1623,28;6235,47;4271,9;270,0;7503,5;13,5;1096,23;9123,88;0,0;985,7;2639,78;1326,43
2024-01-20 13:00:00;13:00;35342,1;1621,43;6439,91;4278,1;270,0;7497,5;12,5;1092,41;9128,18;0,0;972,86;2699,38;1329,83
2024-01-20 14:00:00;14:00;35952,05;1621,04;6791,89;4273,8;270,0;7519,5;11,5;1085,84;9475,28;0,0;975,61;2632,99;1294,6
2024-01-20 15:00:00;15:00;36261,37;1862,4;6957,78;4234,3;270,0;7516,5;10,5;1077,79;9526,68;0,0;977,91;2698,15;1129,36
2024-01-20 16:00:00;16:00;37353,95;2532,48;7012,65;4276,9;270,0;7675,5;9,5;1076,31;10025,78;0,0;988,71;2788,05;698,07
2024-01-20 17:00:00;17:00;39112,36;3102,88;7085,95;4323,4;270,0;7670,5;7,5;1074,79;11373,58;0,0;978,51;2905,29;319,96
2024-01-20 18:00:00;18:00;39868,19;3237,78;7220,25;4308,15;270,0;7584,5;7,5;1082,97;11768,08;0,0;980,61;3145,25;263,1
2024-01-20 19:00:00;19:00;39386,44;3397,78;7117,65;4331,15;270,0;7584,5;7,5;1089,23;11392,38;0,0;952,96;2980,39;262,9
2024-01-20 20:00:00;20:00;38685,16;3082,08;7122,59;4375,05;270,0;7440,7;7,5;1096,27;11231,18;0,0;952,06;2844,83;262,9
2024-01-20 21:00:00;21:00;37347,37;2389,72;7176,32;4414,15;270,0;7347,5;7,5;1100,92;10582,28;0,0;951,46;2844,62;262,9
2024-01-20 22:00:00;22:00;35974,95;1566,68;7229,25;4216,15;255,0;7158,8;3,5;1110,46;10741,08;0,0;971,56;2459,57;262,9
2024-01-20 23:00:00;23:00;34387,57;1388,45;7302,43;4146,15;255,0;6242,9;3,5;1113,4;10266,58;0,0;963,56;2442,7;262,9
2024-01-21 00:00:00;00:00;32088,93;1221,85;7494,23;3957,15;240,0;5421,3;3,5;1116,27;8695,68;0,0;947,45;2746,8;244,7
2024-01-21 01:00:00;01:00;30145,48;1166,86;7699,14;3927,15;240,0;4448,0;3,5;1119,01;7677,28;0,0;950,39;2669,45;244,7
2024-01-21 02:00:00;02:00;28652,21;1166,86;7673,54;3851,15;240,0;4188,5;6,5;1126,03;6682,58;0,0;940,24;2532,11;244,7
2024-01-21 03:00:00;03:00;27784,09;1166,86;7741,82;3733,95;240,0;4109,5;3,5;1127,07;6041,88;0,0;932,89;2441,92;244,7
2024-01-21 04:00:00;04:00;27195,64;1196,86;7733,06;3726,15;240,0;4029,0;3,5;1129,45;5705,78;0,0;933,15;2253,99;244,7
2024-01-21 05:00:00;05:00;27199,11;1195,86;7812,29;3723,15;240,0;4069,5;3,5;1131,36;5621,28;0,0;935,95;2221,52;244,7
2024-01-21 06:00:00;06:00;27513,69;1195,86;7687,68;3913,15;240,0;4609,0;3,5;1131,64;5177,08;0,0;932,99;2378,09;244,7
2024-01-21 07:00:00;07:00;28068,55;1168,95;7619,49;3907,0;240,0;4594,5;3,5;1134,31;5789,08;0,0;936,49;2429,31;245,92
2024-01-21 08:00:00;08:00;28564,37;1163,35;7541,61;3884,1;240,0;4927,2;2,5;1129,46;5937,48;0,0;943,65;2521,54;273,48
2024-01-21 09:00:00;09:00;29992,82;1163,0;7465,51;3961,5;240,0;5683,2;2,0;1125,14;6281,78;0,0;947,45;2780,7;342,54
2024-01-21 10:00:00;10:00;31464,36;1163,9;7469,74;4069,6;240,0;5914,2;3,5;1117,86;7180,58;0,0;941,08;2911,0;452,9
2024-01-21 11:00:00;11:00;32321,43;1178,3;7423,77;4083,7;240,0;6332,2;5,5;1108,19;7704,98;0,0;929,46;2847,98;467,35
2024-01-21 12:00:00;12:00;32132,1;1176,3;7443,37;4033,4;240,0;6274,3;6,5;1103,03;7701,08;0,0;942,41;2730,57;481,14
2024-01-21 13:00:00;13:00;32170,15;1174,6;7479,85;4033,4;240,0;6255,2;5,5;1101,01;7806,58;0,0;942,06;2650,71;481,24
2024-01-21 14:00:00;14:00;32090,67;1172,6;7518,59;3789,0;240,0;6230,5;4,5;1099,84;7924,58;0,0;954,51;2688,53;468,02
2024-01-21 15:00:00;15:00;32387,73;1177,7;7602,96;3749,4;240,0;6310,5;3,5;1095,19;7937,38;0,0;964,06;2909,77;397,27
2024-01-21 16:00:00;16:00;33211,12;1215,98;7720,57;3569,0;240,0;6579,3;2,5;1094,41;8621,68;0,0;965,45;2898,78;303,45
2024-01-21 17:00:00;17:00;34914,05;1218,58;7919,29;3588,0;240,0;7333,5;7,5;1098,49;9142,98;0,0;972,46;3140,12;253,13
2024-01-21 18:00:00;18:00;36627,23;1228,85;7993,67;3568,0;118,0;7303,5;7,5;1104,06;10844,74;0,0;975,66;3238,14;245,11
2024-01-21 19:00:00;19:00;36493,56;1218,28;8052,81;3774,0;118,0;7304,5;7,5;1118,83;10538,18;0,0;970,11;3146,45;244,9
2024-01-21 20:00:00;20:00;35964,79;1219,58;8034,82;3777,0;118,0;7257,5;3,5;1122,17;10258,88;0,0;961,2;2967,24;244,9
2024-01-21 21:00:00;21:00;35069,7;1204,28;8119,73;3734,0;118,0;6722,5;3,5;1130,82;9887,38;0,0;975,36;2929,23;244,9
2024-01-21 22:00:00;22:00;34020,08;1166,28;8085,95;3744,0;118,0;5470,5;3,5;1135,77;10164,28;0,0;974,31;2912,59;244,9
2024-01-21 23:00:00;23:00;32693,02;1166,05;8278,55;3576,0;118,0;5222,5;3,5;1140,9;9161,08;0,0;969,31;2812,23;244,9
2024-01-22 00:00:00;00:00;31204,19;1174,22;8052,11;3694,0;118,0;4888,2;3,5;1136,37;7961,08;0,0;965,04;2973,87;237,8
2024-01-22 01:00:00;01:00;29165,67;1174,22;8090,04;3501,0;118,0;3886,0;3,5;1142,2;7161,58;0,0;969,28;2882,05;237,8
2024-01-22 02:00:00;02:00;28313,24;1174,22;8087,28;3500,0;118,0;3686,0;6,5;1143,62;6731,78;0,0;946,52;2681,52;237,8
2024-01-22 03:00:00;03:00;27783,71;1175,22;8111,4;3501,0;118,0;3625,0;3,5;1145,07;6344,48;0,0;948,82;2573,42;237,8
2024-01-22 04:00:00;04:00;27634,08;1175,22;8018,57;3501,0;118,0;3624,0;3,5;1146,05;6344,38;0,0;946,92;2518,64;237,8
2024-01-22 05:00:00;05:00;27856,33;1175,22;8084,39;3543,0;118,0;3810,0;3,5;1145,46;6343,98;0,0;949,32;2445,66;237,8
2024-01-22 06:00:00;06:00;28554,96;1198,22;8041,19;3506,0;118,0;4398,0;3,5;1148,24;6353,98;0,0;942,77;2607,26;237,8
2024-01-22 07:00:00;07:00;31957,57;1407,32;7962,43;3492,0;133,0;5822,9;3,5;1146,61;7915,88;0,0;968,87;2796,98;308,08
2024-01-22 08:00:00;08:00;37299,29;2231,86;7872,66;3770,25;133,0;7429,4;7,5;1147,16;10158,33;0,0;960,88;3224,47;363,78
2024-01-22 09:00:00;09:00;39195,43;2718,12;7802,11;3918,25;133,0;7639,5;12,0;1143,54;10735,08;0,0;977,08;3622,51;494,24
2024-01-22 10:00:00;10:00;39584,45;2664,23;7715,87;3942,15;133,0;7641,5;15,5;1139,06;11136,88;0,0;980,09;3565,01;651,16
2024-01-22 11:00:00;11:00;39839,94;2503,05;7801,63;4136,75;133,0;7468,5;16,5;1128,09;11421,08;0,0;963,99;3441,12;826,23
2024-01-22 12:00:00;12:00;38041,18;2249,48;7844,37;4058,65;133,0;7425,5;7,5;1118,43;10315,78;0,0;961,89;3039,89;886,69
2024-01-22 13:00:00;13:00;37955,94;2242,58;7906,06;4013,55;133,0;7473,5;13,5;1118,61;10109,78;0,0;971,29;3098,59;875,48
2024-01-22 14:00:00;14:00;38905,04;2617,79;7941,09;3945,15;133,0;7468,5;12,5;1111,24;10717,38;0,0;964,19;3215,27;778,93
2024-01-22 15:00:00;15:00;40270,14;3549,49;7993,3;3785,25;133,0;7460,5;11,5;1101,59;11438,88;0,0;980,19;3188,28;628,16
2024-01-22 16:00:00;16:00;41293,71;4514,7;7936,85;3875,55;133,0;7682,5;9,5;1105,11;11306,38;0,0;968,44;3277,13;484,55
2024-01-22 17:00:00;17:00;42601,83;4689,39;7817,82;3861,25;133,0;7675,5;7,5;1108,59;12342,98;0,0;967,83;3624,1;373,87
2024-01-22 18:00:00;18:00;42747,06;4708,89;7813,89;3739,15;133,0;7674,5;7,5;1115,16;12756,57;0,0;974,81;3495,33;328,26
2024-01-22 19:00:00;19:00;41770,14;4502,3;7664,39;3868,15;133,0;7673,5;7,5;1120,03;12286,58;0,0;973,5;3213,39;327,8
2024-01-22 20:00:00;20:00;40118,15;3889,68;7486,37;3914,15;133,0;7535,5;7,5;1131,87;11608,98;0,0;976,85;3091,45;342,8
2024-01-22 21:00:00;21:00;38642,6;2790,29;7407,09;3841,15;133,0;7535,1;7,5;1140,82;11403,68;0,0;977,35;3078,82;327,8
2024-01-22 22:00:00;22:00;37412,66;1787,47;7135,0;3799,15;133,0;7535,5;7,5;1145,26;11473,68;0,0;973,25;3095,05;327,8
2024-01-22 23:00:00;23:00;35822,46;1622,35;6846,37;3665,55;133,0;7534,5;3,5;1149,7;10661,58;0,0;938,7;2939,41;327,8
2024-01-23 00:00:00;00:00;34156,97;1799,98;6430,55;3653,95;133,0;7444,8;3,5;1157,15;9386,48;0,0;965,17;2930,09;252,3
2024-01-23 01:00:00;01:00;32161,12;1682,58;6099,75;3669,95;133,0;7497,2;3,5;1158,19;7871,68;0,0;966,42;2826,55;252,3
2024-01-23 02:00:00;02:00;30794,1;1709,68;5777,29;3718,75;133,0;7500,2;3,5;1160,67;6819,08;0,0;953,86;2765,77;252,3
2024-01-23 03:00:00;03:00;30025,71;1709,58;5496,2;3632,25;133,0;7262,9;3,5;1163,01;6772,18;0,0;940,96;2659,83;252,3
2024-01-23 04:00:00;04:00;30205,77;1708,68;5301,72;3620,15;133,0;7410,6;3,5;1165,22;7131,08;0,0;939,06;2540,46;252,3
2024-01-23 05:00:00;05:00;30205,97;1764,68;5024,4;3660,95;133,0;7502,5;3,5;1167,45;7137,48;0,0;939,77;2634,94;237,3
2024-01-23 06:00:00;06:00;30931,27;2473,18;4874,44;3715,4;133,0;7323,5;3,5;1169,3;7384,38;0,0;948,32;2668,95;237,3
2024-01-23 07:00:00;07:00;33373,35;3673,08;4678,18;3743,2;133,0;7415,5;7,5;1165,91;8522,38;0,0;967,52;2774,05;293,03
2024-01-23 08:00:00;08:00;38138,3;5604,02;4490,07;3712,3;133,0;7417,5;7,5;1165,96;11206,68;0,0;972,35;3056,88;372,04
2024-01-23 09:00:00;09:00;39723,85;6367,19;4295,49;3648,2;133,0;7726,5;12,5;1162,15;11590,55;0,0;984,68;3239,76;563,83
2024-01-23 10:00:00;10:00;40107,13;6807,11;3934,32;3692,2;133,0;7733,5;16,5;1163,05;11739,58;0,0;988,58;3142,82;756,47
2024-01-23 11:00:00;11:00;39693,73;6522,69;3525,83;3743,9;133,0;7737,5;17,0;1158,29;11812,68;0,0;1004,28;3141,82;896,74
2024-01-23 12:00:00;12:00;37667,79;5734,08;3175,05;3703,7;133,0;7737,5;17,0;1154,13;11124,28;0,0;1009,27;2977,26;902,52
2024-01-23 13:00:00;13:00;37909,59;5957,38;2941,89;3829,3;133,0;7736,5;17,0;1145,92;11162,78;0,0;1015,33;2988,69;981,8
2024-01-23 14:00:00;14:00;39122,18;6554,87;2884,32;3852,8;133,0;7735,5;17,0;1142,37;11804,78;0,0;1011,83;3027,62;958,09
2024-01-23 15:00:00;15:00;39848,98;7048,76;2958,45;3757,9;133,0;7731,5;16,5;1131,95;12100,88;0,0;1010,32;3137,58;822,14
2024-01-23 16:00:00;16:00;41202,76;8054,74;3212,57;3756,3;133,0;7741,2;10,0;1126,15;12382,68;0,0;1008,82;3157,78;619,52
2024-01-23 17:00:00;17:00;42224,39;8062,29;3536,74;3803,7;133,0;7735,2;7,5;1129,04;13124,98;0,0;1005,46;3307,72;378,76
2024-01-23 18:00:00;18:00;42327,58;8072,84;3851,87;3830,4;133,0;7733,2;7,5;1138,17;12943,18;0,0;1000,42;3304,13;312,87
2024-01-23 19:00:00;19:00;42097,35;8169,41;4081,43;3956,4;133,0;7733,2;7,5;1147,63;12446,78;0,0;975,59;3114,71;331,7
2024-01-23 20:00:00;20:00;40979,28;7679,39;4195,71;3868,4;133,0;7717,5;7,5;1153,52;11908,58;0,0;999,49;2996,99;319,2
2024-01-23 21:00:00;21:00;40054,5;7125,16;4310,61;3878,4;133,0;7717,5;7,5;1161,18;11448,98;0,0;1003,69;2948,78;319,7
2024-01-23 22:00:00;22:00;38297,89;5153,98;4380,56;3873,4;133,0;7474,5;7,5;1160,99;11776,78;0,0;1001,57;3013,91;321,7
2024-01-23 23:00:00;23:00;36553,75;3564,55;4515,25;3913,1;133,0;7414,5;7,5;1166,25;11571,28;0,0;992,47;2953,15;322,7
2024-01-24 00:00:00;00:00;33922,36;3149,45;4851,13;3773,15;133,0;7133,5;7,5;1168,42;9583,38;0,0;964,96;2898,47;259,4
2024-01-24 01:00:00;01:00;32032,31;2485,22;5194,75;3799,15;133,0;7152,5;7,5;1169,96;8184,58;0,0;960,2;2686,05;259,4
2024-01-24 02:00:00;02:00;30948,37;2390,75;5506,35;3833,15;133,0;7153,5;3,5;1171,76;6901,18;0,0;986,21;2609,57;259,4
2024-01-24 03:00:00;03:00;30392,13;2385,05;5661,51;3713,95;133,0;6901,3;3,5;1173,09;6827,98;0,0;988,11;2345,24;259,4
2024-01-24 04:00:00;04:00;30205,95;2385,05;5923,57;3793,25;133,0;6469,5;3,5;1176,68;6734,18;0,0;981,11;2346,71;259,4
2024-01-24 05:00:00;05:00;30483,79;2400,35;6083,79;3900,75;133,0;6452,5;3,5;1177,0;6729,48;0,0;984,01;2360,01;259,4
2024-01-24 06:00:00;06:00;31632,12;2655,05;6286,58;3916,5;133,0;7142,8;3,5;1178,57;6751,28;0,0;969,06;2336,38;259,4
2024-01-24 07:00:00;07:00;33782,67;2858,05;6314,0;3830,6;133,0;7512,5;7,5;1177,06;7975,08;0,0;984,66;2675,49;314,73
2024-01-24 08:00:00;08:00;38317,03;3570,89;6276,26;3838,0;133,0;7688,5;7,5;1176,17;11059,98;0,0;992,87;3056,21;517,65
2024-01-24 09:00:00;09:00;40063,33;3561,56;6152,2;3859,5;253,0;7698,5;11,5;1174,26;11883,68;0,0;996,88;3283,53;1188,72
2024-01-24 10:00:00;10:00;39137,61;3388,85;5881,26;3793,7;270,0;7707,5;16,5;1172,51;11190,18;0,0;999,41;3171,74;1545,96
2024-01-24 11:00:00;11:00;38763,49;3369,78;5777,88;3864,4;270,0;7718,5;17,0;1168,17;10975,18;0,0;983,72;3034,5;1584,36
2024-01-24 12:00:00;12:00;36713,29;3124,15;5634,21;3776,15;270,0;7304,4;13,5;1159,47;10100,98;0,0;972,11;2811,19;1547,13
2024-01-24 13:00:00;13:00;36731,77;3045,44;5538,88;3801,35;270,0;7535,9;13,5;1149,94;10076,98;0,0;990,87;2808,75;1500,16
2024-01-24 14:00:00;14:00;37703,91;3243,94;5472,28;3721,65;270,0;7708,5;17,0;1139,01;10463,78;0,0;989,77;3065,47;1612,51
2024-01-24 15:00:00;15:00;38778,9;4058,98;5271,07;3616,05;270,0;7699,5;16,5;1133,25;11111,08;0,0;982,26;3083,15;1537,06
2024-01-24 16:00:00;16:00;40962,56;6451,95;4961,28;3695,25;270,0;7707,2;10,0;1128,88;11507,18;0,0;993,51;3064,01;1173,3
2024-01-24 17:00:00;17:00;43052,77;7946,5;4570,9;3615,35;270,0;7699,2;7,5;1130,19;12964,38;0,0;961,55;3420,06;467,14
2024-01-24 18:00:00;18:00;42720,65;8085,59;4208,9;3637,4;270,0;7698,2;7,5;1136,56;12976,18;0,0;970,26;3406,02;324,04
2024-01-24 19:00:00;19:00;41703,61;7850,54;3915,81;3532,4;270,0;7700,2;7,5;1148,21;12714,78;0,0;972,92;3265,55;325,7
2024-01-24 20:00:00;20:00;40719,73;7559,43;3520,85;3545,4;270,0;7678,5;7,5;1156,95;12499,38;0,0;986,22;3171,4;324,1
2024-01-24 21:00:00;21:00;39717,68;7405,97;3206,73;3643,4;270,0;7683,5;7,5;1161,0;11913,68;0,0;994,57;3107,43;323,9
2024-01-24 22:00:00;22:00;38120,49;6037,47;2829,08;3748,6;270,0;7683,5;7,5;1165,17;12017,68;0,0;994,17;3043,42;323,9
2024-01-24 23:00:00;23:00;36598,33;5734,43;2501,2;3734,2;270,0;7680,5;7,5;1168,54;11362,78;0,0;994,77;2820,51;323,9
2024-01-25 00:00:00;00:00;34713,01;4984,07;1941,82;3774,65;270,0;8101,5;7,5;1171,92;10485,43;0,0;996,91;2705,31;273,9
2024-01-25 01:00:00;01:00;32722,98;4685,47;1845,66;3793,65;270,0;8098,5;7,5;1173,26;8951,23;0,0;992,75;2631,06;273,9
2024-01-25 02:00:00;02:00;31265,8;4540,6;1787,32;3792,65;270,0;8101,5;7,5;1175,16;7942,43;0,0;993,56;2381,18;273,9
2024-01-25 03:00:00;03:00;30371,27;4521,07;1824,85;3683,65;270,0;8100,5;7,5;1174,59;7385,83;0,0;996,66;2132,72;273,9
2024-01-25 04:00:00;04:00;30334,99;4507,02;1864,5;3822,65;270,0;8102,5;7,5;1178,38;7240,33;0,0;999,76;2083,45;258,9
2024-01-25 05:00:00;05:00;30474,15;4561,68;1951,42;3773,25;270,0;8102,5;7,5;1179,19;7308,33;0,0;1004,46;2056,92;258,9
2024-01-25 06:00:00;06:00;31527,19;4863,7;2175,31;3771,65;270,0;8101,5;7,5;1173,47;7772,93;0,0;1000,61;2131,62;258,9
2024-01-25 07:00:00;07:00;34106,44;5769,59;2396,36;3779,65;270,0;8184,2;7,5;1168,56;8919,83;0,0;1005,91;2288,99;315,85
2024-01-25 08:00:00;08:00;38848,45;7448,92;2532,14;3768,75;270,0;8341,2;7,5;1168,97;11076,33;0,0;1004,73;2700,39;529,52
2024-01-25 09:00:00;09:00;40250,02;7480,86;2599,58;3782,45;270,0;8354,2;8,5;1166,16;11569,83;0,0;1004,64;2914,09;1099,71
2024-01-25 10:00:00;10:00;40264,93;7052,21;2555,64;3811,55;270,0;8370,2;8,5;1160,91;11781,53;0,0;1010,97;2879,49;1363,93
2024-01-25 11:00:00;11:00;40042,27;7463,76;2432,07;3668,35;270,0;8362,5;9,0;1156,17;11495,33;0,0;1018,74;2757,52;1408,83
2024-01-25 12:00:00;12:00;37839,59;6794,66;2195,93;3616,05;225,0;8352,5;9,5;1144,67;10528,03;0,0;1018,06;2605,31;1349,88
2024-01-25 13:00:00;13:00;37988,35;6775,65;2111,91;3641,35;225,0;8344,5;10,0;1136,85;10883,43;0,0;1028,58;2573,42;1257,66
2024-01-25 14:00:00;14:00;39275,66;7932,15;2051,96;3693,75;225,0;8332,5;9,5;1130,11;11142,53;0,0;1031,66;2605,8;1120,7
2024-01-25 15:00:00;15:00;39943,1;8248,74;1910,23;3780,55;225,0;8327,5;9,5;1121,95;11692,33;0,0;1031,26;2723,91;872,13
2024-01-25 16:00:00;16:00;41811,35;9739,77;1753,29;3740,25;225,0;8339,2;8,5;1118,88;12425,83;0,0;1034,56;2827,36;598,71
2024-01-25 17:00:00;17:00;42742,19;9973,69;1610,07;3993,75;225,0;8335,2;7,5;1122,49;13062,83;0,0;1018,2;3009,27;384,19
2024-01-25 18:00:00;18:00;42985,72;9996,55;1635,65;4038,65;270,0;8334,2;7,5;1128,86;13029,33;0,0;1016,5;3194,48;334,0
2024-01-25 19:00:00;19:00;42183,92;10067,54;1612,5;3943,65;270,0;8337,2;7,5;1142,21;12480,33;0,0;1003,71;2985,38;333,9
2024-01-25 20:00:00;20:00;40977,63;9122,77;1682,04;4038,65;270,0;8291,5;7,5;1136,35;12148,03;0,0;1008,41;2938,48;333,9
2024-01-25 21:00:00;21:00;40363,63;8840,2;1727,15;4005,65;270,0;8235,5;7,5;1134,8;11946,96;0,0;1009,07;2852,9;333,9
2024-01-25 22:00:00;22:00;38787,59;7205,95;1914,59;3935,65;270,0;8235,5;7,5;1166,57;11973,73;0,0;1027,58;2716,62;333,9
2024-01-25 23:00:00;23:00;37125,38;6047,81;2025,03;3932,65;270,0;8232,5;7,5;1170,05;11494,74;0,0;1026,72;2584,48;333,9
2024-01-26 00:00:00;00:00;34231,09;4955,94;1981,9;3918,0;270,0;7169,5;7,5;1165,17;11027,78;0,0;1027,06;2434,64;273,6
2024-01-26 01:00:00;01:00;31771,21;3978,99;2212,21;3973,0;270,0;7169,5;7,5;1166,49;9185,83;0,0;1026,1;2507,99;273,6
2024-01-26 02:00:00;02:00;30173,43;3615,14;2454,38;3937,0;270,0;7171,5;7,5;1166,66;7832,56;0,0;1022,51;2422,58;273,6
2024-01-26 03:00:00;03:00;29295,98;3369,37;2639,96;3946,0;270,0;7169,5;5,5;1169,31;7383,53;0,0;1027,01;2042,2;273,6
2024-01-26 04:00:00;04:00;29009,75;3375,17;2760,6;3943,5;270,0;6958,25;5,5;1173,37;7206,53;0,0;1027,81;2015,42;273,6
2024-01-26 05:00:00;05:00;29260,3;3374,33;3044,7;4014,0;270,0;6958,95;5,5;1175,07;7172,43;0,0;1023,21;1963,51;258,6
2024-01-26 06:00:00;06:00;30502,33;3561,2;3138,86;4119,5;270,0;7042,25;7,5;1176,75;7778,53;0,0;1023,18;2125,96;258,6
2024-01-26 07:00:00;07:00;33041,63;4670,51;3073,76;4149,5;270,0;7142,0;7,5;1174,95;8931,53;0,0;1032,36;2274,23;315,29
2024-01-26 08:00:00;08:00;38769,04;7992,44;3019,32;4187,5;270,0;7143,0;7,5;1174,75;10974,53;0,0;1026,57;2589,36;384,07
2024-01-26 09:00:00;09:00;41008,28;9137,27;2909,11;4232,1;270,0;7145,0;8,5;1171,89;11664,03;0,6;1020,7;2864,59;584,49
2024-01-26 10:00:00;10:00;41349,04;9184,88;2774,43;4223,5;270,0;7194,2;10,0;1167,39;11808,53;0,0;1030,73;2847,54;837,84
2024-01-26 11:00:00;11:00;40899,22;9122,61;2636,07;4248,6;270,0;7185,5;11,5;1160,65;11660,13;0,0;1040,27;2698,99;864,9
2024-01-26 12:00:00;12:00;38372,23;7919,21;2618,58;4212,8;270,0;7182,5;12,5;1154,19;10431,93;0,0;1042,03;2632,48;896,01
2024-01-26 13:00:00;13:00;38092,87;7878,02;2634,42;4211,2;270,0;7179,5;12,5;1147,05;10279,73;0,0;1042,23;2533,0;905,22
2024-01-26 14:00:00;14:00;39963,42;8815,33;2638,86;4236,1;270,0;7177,5;12,5;1134,74;11172,73;0,0;1048,13;2512,55;944,98
2024-01-26 15:00:00;15:00;40696,21;8795,3;2766,2;4172,2;270,0;7181,5;11,5;1131,7;11824,83;0,0;1040,71;2605,4;896,87
2024-01-26 16:00:00;16:00;41560,42;9410,76;2761,35;4168,8;270,0;7196,2;9,5;1127,44;11984,83;0,0;1036,41;2902,07;693,06
2024-01-26 17:00:00;17:00;42242,47;9578,59;2807,3;4196,6;270,0;7188,2;7,5;1129,96;12559,33;0,0;1037,75;3056,36;410,88
2024-01-26 18:00:00;18:00;42306,25;9608,98;2815,11;4238,5;270,0;7186,2;7,5;1140,68;12509,83;0,0;1042,75;3152,99;333,71
2024-01-26 19:00:00;19:00;41472,69;9518,91;2845,34;4127,5;270,0;7187,2;7,5;1150,58;12112,83;0,0;1042,25;2876,98;333,6
2024-01-26 20:00:00;20:00;40161,06;7808,44;3222,22;4157,5;270,0;7167,5;7,5;1157,08;12152,63;0,0;1040,66;2843,93;333,6
2024-01-26 21:00:00;21:00;39109,2;6835,04;3388,77;4153,5;270,0;7169,5;7,5;1163,97;12061,23;0,0;1041,08;2685,01;333,6
2024-01-26 22:00:00;22:00;37915,29;5761,35;3393,28;4227,5;270,0;7168,5;7,5;1167,95;11920,53;0,0;1040,78;2624,3;333,6
2024-01-26 23:00:00;23:00;36249,97;4291,16;3509,01;4293,0;270,0;7166,5;7,5;1170,67;11600,63;0,0;1039,48;2568,42;333,6
2024-01-27 00:00:00;00:00;34934,26;2838,06;3564,86;4321,15;270,0;8420,8;5,5;1168,28;10667,03;0,0;1030,76;2401,32;246,5
2024-01-27 01:00:00;01:00;33086,04;2487,36;3530,35;4314,15;270,0;8420,0;7,5;1168,69;9160,03;0,0;1033,95;2447,51;246,5
2024-01-27 02:00:00;02:00;31525,99;2356,06;3531,69;4306,15;270,0;8421,0;7,5;1168,96;7858,73;0,0;1018,61;2340,79;246,5
2024-01-27 03:00:00;03:00;30378,86;2118,48;3434,58;4307,15;255,0;8071,6;5,5;1170,91;7747,13;0,0;1009,26;2012,75;246,5
2024-01-27 04:00:00;04:00;30098,72;2116,58;3320,19;4352,65;255,0;7984,4;5,5;1175,27;7796,91;0,0;1007,66;1852,16;232,4
2024-01-27 05:00:00;05:00;30161,04;2128,04;3173,15;4359,25;255,0;8167,0;5,5;1179,67;7791,53;0,0;1014,06;1858,24;229,6
2024-01-27 06:00:00;06:00;30858,14;2455,56;3100,38;4425,15;255,0;8350,1;5,5;1181,35;7858,13;0,0;1004,46;1992,91;229,6
2024-01-27 07:00:00;07:00;32199,83;2897,46;2938,67;4446,15;255,0;8419,5;5,5;1181,05;8856,63;0,0;1006,16;1963,73;229,98
2024-01-27 08:00:00;08:00;35031,61;3802,78;2865,93;4476,35;270,0;8431,5;7,5;1179,85;10228,33;0,0;1019,97;2452,89;296,51
2024-01-27 09:00:00;09:00;36724,12;4452,14;2720,65;4495,75;270,0;8443,5;10,5;1175,89;10887,73;0,0;1004,15;2680,26;583,55
2024-01-27 10:00:00;10:00;37265,05;4499,94;2598,27;4301,25;270,0;8451,5;13,5;1172,29;11386,53;0,0;1020,78;2664,18;886,81
2024-01-27 11:00:00;11:00;37320,77;4452,59;2546,96;4471,75;270,0;8340,5;17,0;1166,96;11390,18;0,0;1045,08;2625,23;994,52
2024-01-27 12:00:00;12:00;36234,09;4146,98;2553,02;4541,65;270,0;8406,5;13,5;1159,59;10516,33;0,0;1046,73;2521,22;1058,57
2024-01-27 13:00:00;13:00;36125,01;4197,61;2568,64;4417,65;270,0;8402,5;12,5;1151,34;10508,63;0,0;1028,33;2447,82;1119,99
2024-01-27 14:00:00;14:00;36615,35;4436,53;2716,1;4392,65;270,0;8396,5;12,5;1140,64;10531,63;0,0;1024,83;2545,29;1148,68
2024-01-27 15:00:00;15:00;37333,47;5182,71;2746,57;4469,75;270,0;8385,5;11,5;1133,7;10607,33;0,0;1004,36;2534,99;987,06
2024-01-27 16:00:00;16:00;38985,07;6454,29;2626,88;4478,45;270,0;8564,5;9,5;1129,64;11172,03;0,0;1008,36;2577,07;694,35
2024-01-27 17:00:00;17:00;40366,4;7393,74;2499,24;4425,85;270,0;8557,5;7,5;1130,06;11808,63;0,0;1014,31;2930,99;328,58
2024-01-27 18:00:00;18:00;40911,68;7493,9;2315,75;4468,95;270,0;8554,5;7,5;1142,28;12391,83;0,0;1012,16;3027,19;227,62
2024-01-27 19:00:00;19:00;40567,68;7465,78;2246,07;4461,65;270,0;8555,5;7,5;1150,57;12267,03;0,0;996,51;2919,67;227,4
2024-01-27 20:00:00;20:00;39562,03;6801,09;2328,31;4447,65;270,0;8294,9;7,5;1158,97;12149,93;0,0;1025,76;2850,52;227,4
2024-01-27 21:00:00;21:00;38546,59;5984,88;2462,71;4450,75;270,0;8323,5;7,5;1164,26;11824,43;0,0;1020,07;2811,09;227,4
2024-01-27 22:00:00;22:00;37397,03;4063,7;2764,68;4459,65;270,0;8322,5;7,5;1168,85;12328,93;0,0;1019,17;2764,65;227,4
2024-01-27 23:00:00;23:00;36087,52;3507,5;3067,29;4453,65;270,0;8257,5;7,5;1170,66;11545,23;0,0;1016,76;2564,03;227,4
2024-01-28 00:00:00;00:00;34046,47;3048,5;3488,48;4613,4;270,0;8322,5;7,5;1162,78;9556,63;0,0;992,15;2367,23;217,3
2024-01-28 01:00:00;01:00;31496,18;1495,1;3966,08;4645,4;270,0;8320,0;7,5;1162,59;8084,03;0,0;994,49;2333,69;217,3
2024-01-28 02:00:00;02:00;29702,16;1115,07;4294,24;4671,4;270,0;8321,0;7,5;1163,76;6460,03;0,0;1007,9;2173,96;217,3
2024-01-28 03:00:00;03:00;28601,07;1111,9;4487,46;4611,4;270,0;8320,0;5,5;1165,21;5422,83;0,0;1007,3;1982,47;217,0
2024-01-28 04:00:00;04:00;28218,96;955,89;4604,22;4735,4;270,0;8322,0;7,5;1167,56;4942,43;0,0;1020,67;1976,29;217,0
2024-01-28 05:00:00;05:00;28177,86;888,94;4590,26;4715,4;270,0;8323,0;7,5;1169,77;5008,83;0,0;1017,57;1969,59;217,0
2024-01-28 06:00:00;06:00;28417,77;1000,01;4682,31;4738,15;270,0;8319,0;7,5;1173,15;5031,43;0,0;1013,12;1966,1;217,0
2024-01-28 07:00:00;07:00;28481,33;1177,48;4758,46;4752,0;270,0;8319,0;7,5;1175,65;4870,63;0,0;1020,47;1912,42;217,72
2024-01-28 08:00:00;08:00;28662,95;1181,07;4864,07;4711,2;255,0;8080,0;5,5;1176,65;4898,73;0,0;1030,15;2098,1;362,48
2024-01-28 09:00:00;09:00;28953,92;1177,8;4975,53;4714,7;255,0;7185,0;1,5;1174,59;5324,98;0,0;1029,41;2321,62;793,79
2024-01-28 10:00:00;10:00;29410,88;1181,4;5288,1;4638,0;255,0;6709,0;3,0;1172,49;5603,33;0,0;1036,39;2391,76;1132,41
2024-01-28 11:00:00;11:00;29746,95;1208,9;5379,27;4519,7;255,0;5993,0;4,5;1162,96;6731,33;0,0;1034,29;2245,68;1212,32
2024-01-28 12:00:00;12:00;29710,4;1205,4;5607,9;4387,6;255,0;5810,5;5,5;1154,19;6961,73;0,0;1009,39;2117,42;1195,77
2024-01-28 13:00:00;13:00;30121,62;1205,4;5781,63;4385,6;255,0;5821,1;5,5;1147,75;7314,78;0,0;1007,79;2120,7;1076,37
2024-01-28 14:00:00;14:00;30829,24;1204,8;6106,38;4635,2;255,0;5696,5;5,5;1140,23;7623,73;0,0;1033,13;2190,6;938,17
2024-01-28 15:00:00;15:00;31771,59;1201,4;6265,66;4598,3;255,0;6686,6;4,5;1132,1;7598,23;0,0;1007,17;2264,43;758,2
2024-01-28 16:00:00;16:00;33242,89;1214,38;6408,36;4621,0;255,0;7846,3;2,5;1127,23;7842,83;0,0;1049,01;2341,59;534,69
2024-01-28 17:00:00;17:00;35560,56;1907,16;6287,69;4719,3;270,0;8355,5;7,5;1130,46;8953,03;0,0;1043,66;2586,59;299,67
2024-01-28 18:00:00;18:00;37804,58;2556,48;6102,29;4712,0;270,0;8509,0;7,5;1142,37;10420,57;0,0;1039,06;2827,86;217,45
2024-01-28 19:00:00;19:00;37844,31;2640,45;6162,42;4713,0;270,0;8594,7;7,5;1150,08;10320,83;0,0;1034,67;2733,36;217,3
2024-01-28 20:00:00;20:00;37181,74;2639,42;6221,83;4723,0;270,0;8609,5;7,5;1157,28;9820,97;0,0;1006,82;2508,12;217,3
2024-01-28 21:00:00;21:00;36151,16;1940,32;6388,0;4724,0;270,0;8699,5;7,5;1162,47;9245,13;0,0;1036,48;2460,46;217,3
2024-01-28 22:00:00;22:00;35538,1;1384,13;6224,9;4661,8;255,0;8188,85;5,5;1165,54;10077,85;0,0;1006,58;2350,65;217,3
2024-01-28 23:00:00;23:00;34118,55;1350,2;6195,5;4659,6;255,0;7593,7;5,5;1166,87;9479,23;0,0;1013,83;2181,82;217,3
2024-01-29 00:00:00;00:00;32662,75;832,29;6197,71;4717,0;255,0;7414,4;5,5;1167,38;8662,93;0,0;1026,19;2149,95;234,4
2024-01-29 01:00:00;01:00;30638,36;582,49;6210,41;4728,0;255,0;6973,0;5,5;1169,39;7355,63;0,0;1033,83;2090,71;234,4
2024-01-29 02:00:00;02:00;29140,31;582,49;6272,64;4684,0;255,0;6550,4;5,5;1171,16;6408,13;0,0;1028,19;1948,4;234,4
2024-01-29 03:00:00;03:00;28570,46;582,29;6536,54;4525,7;255,0;6010,0;5,5;1174,81;6422,13;0,0;1024,34;1799,75;234,4
2024-01-29 04:00:00;04:00;28265,68;586,5;6682,29;4556,7;255,0;5606,3;5,5;1176,36;6397,03;0,0;1026,34;1739,26;234,4
2024-01-29 05:00:00;05:00;28534,38;660,6;6813,57;4527,0;255,0;5732,5;5,5;1180,68;6337,03;0,0;1029,54;1758,56;234,4
2024-01-29 06:00:00;06:00;29865,16;1200,4;6931,22;4524,1;255,0;6572,5;5,5;1180,65;6221,03;0,0;1010,44;1729,72;234,6
2024-01-29 07:00:00;07:00;33027,46;1435,89;6900,06;4714,0;255,0;8173,5;5,5;1179,25;7274,13;0,0;1022,22;1777,16;290,75
2024-01-29 08:00:00;08:00;38396,07;2592,88;7039,04;4794,05;270,0;8800,0;7,5;1180,95;9830,53;0,0;1031,08;2422,3;427,74
2024-01-29 09:00:00;09:00;41177,77;3748,75;6964,69;4777,05;270,0;8914,8;8,5;1177,68;10820,23;0,0;1026,56;2720,09;749,42
2024-01-29 10:00:00;10:00;41906,26;4139,5;7192,82;4749,55;270,0;8806,0;10,0;1175,79;10995,23;0,0;1025,59;2552,03;989,75
2024-01-29 11:00:00;11:00;41717,96;3930,29;7412,17;4635,35;270,0;9079,5;11,5;1163,55;10717,83;0,0;1028,09;2395,75;1073,93
2024-01-29 12:00:00;12:00;40193,8;3379,41;7621,16;4706,9;244,0;8929,5;12,5;1155,79;9844,43;0,0;1032,79;2200,39;1066,93
2024-01-29 13:00:00;13:00;40601,45;3592,49;7826,32;4665,7;270,0;8875,9;12,5;1151,45;9871,33;0,0;1029,74;2253,64;1052,38
2024-01-29 14:00:00;14:00;41679,16;4011,3;7958,45;4679,7;270,0;8870,2;12,5;1143,64;10388,53;0,0;1026,53;2375,14;943,17
2024-01-29 15:00:00;15:00;42337,59;4299,03;8177,29;4684,4;270,0;8868,0;11,5;1135,5;10712,23;0,0;1024,73;2348,28;806,63
2024-01-29 16:00:00;16:00;43657,05;4658,64;8343,31;4692,3;270,0;8870,0;9,5;1131,64;11559,43;0,0;1029,53;2506,03;586,67
2024-01-29 17:00:00;17:00;44735,37;4889,1;8456,42;4682,7;270,0;9083,0;7,5;1131,66;12048,73;0,0;1037,03;2738,25;390,98
2024-01-29 18:00:00;18:00;44503,84;4951,95;8523,69;4535,15;270,0;8933,3;7,5;1143,17;12021,13;0,0;1031,87;2748,35;337,73
2024-01-29 19:00:00;19:00;43121,64;3987,16;8583,24;4501,85;270,0;9238,5;7,5;1151,68;11450,63;0,0;1045,42;2548,06;337,6
2024-01-29 20:00:00;20:00;41963,23;3482,36;8612,29;4519,35;270,0;8833,1;7,5;1158,48;11091,55;0,0;1048,22;2602,78;337,6
2024-01-29 21:00:00;21:00;40690,23;2787,37;8579,79;4526,65;270,0;8768,1;7,5;1161,77;10681,03;0,0;1057,12;2513,3;337,6
2024-01-29 22:00:00;22:00;39419,75;1501,29;8542,99;4545,15;270,0;8800,3;7,5;1163,75;10746,93;0,0;1062,52;2441,72;337,6
2024-01-29 23:00:00;23:00;38034,86;1405,06;8385,74;4532,15;255,0;8163,3;5,5;1164,87;10594,83;0,0;1063,42;2145,39;319,6
2024-01-30 00:00:00;00:00;34907,9;2184,54;8081,93;4604,15;255,0;8062,4;5,5;1157,63;7232,53;0,0;1030,98;2062,44;230,8
2024-01-30 01:00:00;01:00;32830,91;2130,97;8091,62;4519,15;255,0;7752,5;5,5;1160,75;5698,83;0,0;1032,32;1953,47;230,8
2024-01-30 02:00:00;02:00;31338,61;2128,57;8086,65;4531,15;255,0;7181,5;5,5;1161,87;4950,13;0,0;1032,23;1777,41;228,6
2024-01-30 03:00:00;03:00;30408,34;2131,46;8032,64;4561,15;255,0;6949,2;5,5;1166,82;4351,13;0,0;1030,87;1695,97;228,6
2024-01-30 04:00:00;04:00;30233,7;2129,26;8105,2;4620,15;255,0;6692,2;5,5;1166,81;4351,13;0,0;1008,82;1671,03;228,6
2024-01-30 05:00:00;05:00;30390,64;2129,56;8103,15;4631,15;255,0;6900,5;5,5;1170,6;4325,13;0,0;1028,17;1613,28;228,6
2024-01-30 06:00:00;06:00;31495,34;2442,03;8281,59;4690,15;255,0;7450,5;5,5;1170,48;4305,13;0,0;1023,67;1642,69;228,6
2024-01-30 07:00:00;07:00;34249,24;2197,08;8433,57;4710,15;255,0;8839,5;5,5;1169,68;5517,03;0,0;1035,92;1799,62;286,19
2024-01-30 08:00:00;08:00;39177,97;2436,83;8544,67;4801,45;270,0;9254,5;7,5;1174,26;9056,93;0,0;1016,48;2175,41;439,94
2024-01-30 09:00:00;09:00;41117,88;2768,52;8569,78;4790,05;270,0;9258,5;8,5;1169,75;9948,33;0,0;1039,66;2479,48;815,31
2024-01-30 10:00:00;10:00;41314,91;2795,56;8692,56;4682,75;270,0;9267,5;11,0;1161,91;9930,33;0,0;1030,2;2409,12;1063,98
2024-01-30 11:00:00;11:00;41303,61;2791,05;8728,56;4675,45;270,0;9265,5;12,5;1149,23;9846,33;0,0;1017,9;2419,37;1127,72
2024-01-30 12:00:00;12:00;40094,94;2597,76;8781,78;4702,95;270,0;9265,5;13,5;1142,14;8887,93;0,0;1034,65;2216,9;1181,83
2024-01-30 13:00:00;13:00;40220,22;2677,55;8825,62;4760,95;270,0;9262,5;12,5;1142,59;8898,23;0,0;1014,5;2218,11;1137,67
2024-01-30 14:00:00;14:00;41820,05;2996,49;8971,08;4829,65;270,0;9260,5;12,5;1136,35;10057,43;0,0;1003,06;2288,15;994,84
2024-01-30 15:00:00;15:00;42442,94;3390,49;9011,55;4827,25;270,0;9259,5;11,5;1133,46;10365,13;0,0;981,27;2386,33;806,46
2024-01-30 16:00:00;16:00;43605,11;3798,57;8956,17;4824,35;270,0;9260,5;9,5;1131,16;11250,93;0,0;983,45;2515,8;604,68
2024-01-30 17:00:00;17:00;44573,31;4031,36;8924,75;4833,85;270,0;9255,5;7,5;1132,81;11962,93;0,0;986,73;2779,68;388,2
2024-01-30 18:00:00;18:00;44522,19;3867,86;8894,53;4792,15;270,0;9251,5;7,5;1140,91;12215,23;0,0;970,09;2783,15;329,27
2024-01-30 19:00:00;19:00;43360,72;4030,84;8785,93;4823,15;270,0;9252,5;7,5;1148,92;11248,73;0,0;979,54;2484,41;329,2
2024-01-30 20:00:00;20:00;41840,51;3602,81;8835,3;4885,75;270,0;9021,0;7,5;1152,15;10251,33;0,0;994,84;2485,63;334,2
2024-01-30 21:00:00;21:00;40819,87;3127,12;8777,34;4864,15;270,0;9019,0;7,5;1155,21;9885,23;0,0;994,94;2384,38;335,0
2024-01-30 22:00:00;22:00;39644,81;2370,91;8822,99;4816,15;255,0;8762,0;5,5;1158,13;9858,93;0,0;998,93;2278,27;318,0
2024-01-30 23:00:00;23:00;38249,68;2281,18;8745,19;4781,15;255,0;8372,0;5,5;1159,2;9284,03;0,0;983,44;2068,29;314,7
2024-01-31 00:00:00;00:00;35643,26;2105,0;8595,12;4750,15;255,0;8093,2;3,5;1155,93;7571,73;0,0;981,42;1925,91;206,3
2024-01-31 01:00:00;01:00;33606,53;1953,69;8588,48;4754,15;255,0;7853,5;3,5;1157,85;5920,73;0,0;986,16;1927,17;206,3
2024-01-31 02:00:00;02:00;32174,4;1947,69;8708,16;4700,15;255,0;7438,5;3,5;1159,57;4895,73;0,0;986,86;1872,94;206,3
2024-01-31 03:00:00;03:00;31346,15;1947,49;8549,85;4700,15;255,0;6919,5;3,5;1162,82;4885,73;0,0;986,56;1729,25;206,3
2024-01-31 04:00:00;04:00;30982,45;1907,49;8569,86;4712,15;255,0;6622,8;3,5;1165,31;4875,73;0,0;984,16;1680,15;206,3
2024-01-31 05:00:00;05:00;31228,83;1917,59;8522,45;4743,15;255,0;6825,5;3,5;1171,3;4895,73;0,0;984,86;1703,45;206,3
2024-01-31 06:00:00;06:00;32218,16;2175,6;8353,38;4727,15;255,0;7753,0;3,5;1172,28;4890,53;0,0;983,66;1697,76;206,3
2024-01-31 07:00:00;07:00;34555,81;1856,14;8378,14;4758,15;255,0;8608,0;3,5;1170,68;6398,83;0,0;1005,76;1858,21;263,4
2024-01-31 08:00:00;08:00;39436,11;2524,88;8266,63;4752,45;270,0;8997,5;7,5;1173,96;9773,73;0,0;1009,57;2210,61;449,28
2024-01-31 09:00:00;09:00;41471,27;3447,9;8319,77;4769,25;270,0;8940,5;12,5;1170,65;10114,63;0,0;1013,6;2486,88;925,59
2024-01-31 10:00:00;10:00;41317,34;3455,89;8275,63;4760,35;270,0;8951,5;16,5;1165,71;9736,63;0,0;1018,64;2439,0;1227,49
2024-01-31 11:00:00;11:00;40508,47;3279,48;8218,17;4768,55;270,0;8951,5;17,0;1154,53;9214,13;0,0;1009,25;2348,09;1277,77
2024-01-31 12:00:00;12:00;39258,34;2708,69;8296,2;4698,65;270,0;8951,2;13,5;1149,34;8694,83;0,0;1019,75;2136,16;1320,02
2024-01-31 13:00:00;13:00;39511,95;2696,46;8213,8;4707,75;270,0;8951,1;13,5;1144,79;9065,83;0,0;1019,79;2106,17;1322,76
2024-01-31 14:00:00;14:00;40106,3;3038,79;8177,68;4710,95;270,0;8890,5;17,0;1139,25;9331,83;0,0;1016,29;2225,63;1288,38
2024-01-31 15:00:00;15:00;41100,86;3345,97;8118,45;4764,35;270,0;8691,5;16,5;1131,96;10244,33;0,0;1013,37;2419,82;1084,61
2024-01-31 16:00:00;16:00;42870,31;3931,29;8041,15;4762,25;270,0;9062,0;10,0;1128,06;11315,33;0,0;1038,13;2563,09;749,01
2024-01-31 17:00:00;17:00;43861,83;3937,8;7926,33;4835,45;270,0;9114,5;7,5;1126,91;12365,33;0,0;1036,58;2841,67;399,76
2024-01-31 18:00:00;18:00;44148,18;4015,07;7763,3;4894,65;270,0;9113,5;7,5;1133,12;12737,43;0,0;1032,17;2883,35;298,09
2024-01-31 19:00:00;19:00;43184,4;4127,28;7550,61;4800,65;270,0;9113,5;7,5;1143,42;12160,83;0,0;1039,07;2673,84;297,7
2024-01-31 20:00:00;20:00;41872,11;3814,05;7436,2;4958,65;270,0;8997,5;7,5;1147,35;11317,71;0,0;1032,67;2592,78;297,7
2024-01-31 21:00:00;21:00;40707,05;3783,59;7087,55;4889,65;270,0;8988,5;7,5;1149,91;10748,13;0,0;1039,42;2445,1;297,7
2024-01-31 22:00:00;22:00;39388,52;3028,47;6884,11;4878,65;270,0;8988,5;7,5;1153,24;10399,43;0,0;1036,82;2444,1;297,7
2024-01-31 23:00:00;23:00;37869,44;2736,87;6486,46;4985,65;270,0;8987,5;7,5;1154,21;9683,73;0,0;1034,57;2225,25;297,7
